"Year","Region","Device Group","Device Type","Form Factor","OS",Units (K)
"2016 YR","Eastern Europe","UMT","Ultramobile Basic","Clamshell","Chrome",5.7274524791424
"2016 YR","Eastern Europe","UMT","Ultramobile Basic","Hybrid","Android",4.5469999999984
"2016 YR","Eastern Europe","UMT","Ultramobile Basic","Tablet","Android",4007.9568995154280
"2016 YR","Eastern Europe","UMT","Ultramobile Basic","Tablet","iOS",386.3590000000985
"2016 YR","Eastern Europe","UMT","Ultramobile Basic","Tablet","Windows",14.7114081977356
"2016 YR","Eastern Europe","UMT","Ultramobile Premium","Clamshell","Mac OS",145.7736372848988
"2016 YR","Eastern Europe","UMT","Ultramobile Premium","Clamshell","Windows",232.3899502765363
"2016 YR","Eastern Europe","UMT","Ultramobile Premium","Hybrid","Windows",394.3909103717155
"2016 YR","Eastern Europe","UMT","Ultramobile Premium","Tablet","Windows",91.1802004543179
"2016 YR","Eastern Europe","UMT","Ultramobile Utility","Tablet","Android",1895.3170000000000
"2016 YR","Emerging Asia/Pacific","UMT","Ultramobile Basic","Clamshell","Chrome",15.3716754492995
"2016 YR","Emerging Asia/Pacific","UMT","Ultramobile Basic","Hybrid","Android",2.0575996006785
"2016 YR","Emerging Asia/Pacific","UMT","Ultramobile Basic","Tablet","Android",4346.2189067399190
"2016 YR","Emerging Asia/Pacific","UMT","Ultramobile Basic","Tablet","iOS",1030.6329999999998
"2016 YR","Emerging Asia/Pacific","UMT","Ultramobile Premium","Clamshell","Mac OS",354.0968900002987
"2016 YR","Emerging Asia/Pacific","UMT","Ultramobile Premium","Clamshell","Windows",1584.8902891908520
"2016 YR","Emerging Asia/Pacific","UMT","Ultramobile Premium","Hybrid","Windows",524.6726066977095
"2016 YR","Emerging Asia/Pacific","UMT","Ultramobile Premium","Tablet","Windows",183.6805386347299
"2016 YR","Emerging Asia/Pacific","UMT","Ultramobile Utility","Tablet","Android",8177.0000000000000
"2016 YR","Eurasia","UMT","Ultramobile Basic","Clamshell","Chrome",.0822749910000
"2016 YR","Eurasia","UMT","Ultramobile Basic","Hybrid","Android",1.4330019319866
"2016 YR","Eurasia","UMT","Ultramobile Basic","Tablet","Android",2448.2018105956090
"2016 YR","Eurasia","UMT","Ultramobile Basic","Tablet","iOS",240.5260000000000
"2016 YR","Eurasia","UMT","Ultramobile Basic","Tablet","Windows",4.2304486043000
"2016 YR","Eurasia","UMT","Ultramobile Premium","Clamshell","Mac OS",102.7979077496000
"2016 YR","Eurasia","UMT","Ultramobile Premium","Clamshell","Windows",323.8141980214242
"2016 YR","Eurasia","UMT","Ultramobile Premium","Hybrid","Windows",262.1362653419271
"2016 YR","Eurasia","UMT","Ultramobile Premium","Tablet","Windows",24.0279762780453
"2016 YR","Eurasia","UMT","Ultramobile Utility","Tablet","Android",1976.5870000000000
"2016 YR","Greater China","UMT","Ultramobile Basic","Clamshell","Chrome",5.1319999999999
"2016 YR","Greater China","UMT","Ultramobile Basic","Hybrid","Android",99.1550973798999
"2016 YR","Greater China","UMT","Ultramobile Basic","Tablet","Android",7566.6513683806970
"2016 YR","Greater China","UMT","Ultramobile Basic","Tablet","iOS",10310.0420000000000
"2016 YR","Greater China","UMT","Ultramobile Basic","Tablet","Windows",.9500000000000
"2016 YR","Greater China","UMT","Ultramobile Premium","Clamshell","Mac OS",1578.2059299999997
"2016 YR","Greater China","UMT","Ultramobile Premium","Clamshell","Windows",3850.3118065737226
"2016 YR","Greater China","UMT","Ultramobile Premium","Hybrid","Windows",1248.5567421013943
"2016 YR","Greater China","UMT","Ultramobile Premium","Tablet","Windows",454.6933279639828
"2016 YR","Greater China","UMT","Ultramobile Utility","Tablet","Android",5577.9000000000000
"2016 YR","Japan (Region)","UMT","Ultramobile Basic","Clamshell","Chrome",4.4218801521085
"2016 YR","Japan (Region)","UMT","Ultramobile Basic","Hybrid","Android",1.6000536183862
"2016 YR","Japan (Region)","UMT","Ultramobile Basic","Hybrid","Chrome",9.0617515807908
"2016 YR","Japan (Region)","UMT","Ultramobile Basic","Hybrid","Windows",39.6383637650231
"2016 YR","Japan (Region)","UMT","Ultramobile Basic","Tablet","Android",3520.2818334669100
"2016 YR","Japan (Region)","UMT","Ultramobile Basic","Tablet","iOS",3169.6460000000000
"2016 YR","Japan (Region)","UMT","Ultramobile Basic","Tablet","Windows",75.2000678396754
"2016 YR","Japan (Region)","UMT","Ultramobile Premium","Clamshell","Mac OS",408.8196476587000
"2016 YR","Japan (Region)","UMT","Ultramobile Premium","Clamshell","Windows",1182.1726115712600
"2016 YR","Japan (Region)","UMT","Ultramobile Premium","Hybrid","Windows",622.1820659008720
"2016 YR","Japan (Region)","UMT","Ultramobile Premium","Tablet","Windows",551.3860462691650
"2016 YR","Japan (Region)","UMT","Ultramobile Utility","Tablet","Android",75.2300000000000
"2016 YR","Latin America","UMT","Ultramobile Basic","Clamshell","Chrome",20.4266763999999
"2016 YR","Latin America","UMT","Ultramobile Basic","Tablet","Android",6021.8192512303940
"2016 YR","Latin America","UMT","Ultramobile Basic","Tablet","iOS",883.2089999999988
"2016 YR","Latin America","UMT","Ultramobile Basic","Tablet","Windows",.1599228152000
"2016 YR","Latin America","UMT","Ultramobile Premium","Clamshell","Mac OS",432.6985699992989
"2016 YR","Latin America","UMT","Ultramobile Premium","Clamshell","Windows",1595.4828513167270
"2016 YR","Latin America","UMT","Ultramobile Premium","Hybrid","Windows",436.0075109154746
"2016 YR","Latin America","UMT","Ultramobile Premium","Tablet","Windows",194.4310485922848
"2016 YR","Latin America","UMT","Ultramobile Utility","Tablet","Android",5811.6369999999000
"2016 YR","Mature Asia/Pacific","UMT","Ultramobile Basic","Clamshell","Chrome",145.2986286751989
"2016 YR","Mature Asia/Pacific","UMT","Ultramobile Basic","Hybrid","Android",6.3845101076362
"2016 YR","Mature Asia/Pacific","UMT","Ultramobile Basic","Hybrid","Chrome",.2034878575000
"2016 YR","Mature Asia/Pacific","UMT","Ultramobile Basic","Tablet","Android",4090.0031685854560
"2016 YR","Mature Asia/Pacific","UMT","Ultramobile Basic","Tablet","iOS",1836.3150000000000
"2016 YR","Mature Asia/Pacific","UMT","Ultramobile Basic","Tablet","Windows",1.4088000000000
"2016 YR","Mature Asia/Pacific","UMT","Ultramobile Premium","Clamshell","Mac OS",634.6015399999997
"2016 YR","Mature Asia/Pacific","UMT","Ultramobile Premium","Clamshell","Windows",1306.2956766561679
"2016 YR","Mature Asia/Pacific","UMT","Ultramobile Premium","Hybrid","Windows",475.1392941315522
"2016 YR","Mature Asia/Pacific","UMT","Ultramobile Premium","Tablet","Windows",214.4546536030970
"2016 YR","Mature Asia/Pacific","UMT","Ultramobile Utility","Tablet","Android",48.3999999999996
"2016 YR","Middle East and North Africa","UMT","Ultramobile Basic","Clamshell","Chrome",8.5157994838995
"2016 YR","Middle East and North Africa","UMT","Ultramobile Basic","Hybrid","Android",2.1640000021981
"2016 YR","Middle East and North Africa","UMT","Ultramobile Basic","Tablet","Android",7144.3460164921260
"2016 YR","Middle East and North Africa","UMT","Ultramobile Basic","Tablet","iOS",405.4159999999988
"2016 YR","Middle East and North Africa","UMT","Ultramobile Basic","Tablet","Windows",30.6614431362177
"2016 YR","Middle East and North Africa","UMT","Ultramobile Premium","Clamshell","Mac OS",150.5815698427992
"2016 YR","Middle East and North Africa","UMT","Ultramobile Premium","Clamshell","Windows",329.4726279864859
"2016 YR","Middle East and North Africa","UMT","Ultramobile Premium","Hybrid","Windows",509.8964394325109
"2016 YR","Middle East and North Africa","UMT","Ultramobile Premium","Tablet","Windows",54.2895867169463
"2016 YR","Middle East and North Africa","UMT","Ultramobile Utility","Tablet","Android",5039.0000000000000
"2016 YR","North America","UMT","Ultramobile Basic","Clamshell","Chrome",8645.2672689841990
"2016 YR","North America","UMT","Ultramobile Basic","Hybrid","Android",5.7914576496309
"2016 YR","North America","UMT","Ultramobile Basic","Tablet","Android",17080.9350676549900
"2016 YR","North America","UMT","Ultramobile Basic","Tablet","iOS",17210.4910000000000
"2016 YR","North America","UMT","Ultramobile Basic","Tablet","Windows",74.2460637030985
"2016 YR","North America","UMT","Ultramobile Basic","Tablet","Windows RT",.3375142790000
"2016 YR","North America","UMT","Ultramobile Premium","Clamshell","Mac OS",4741.8205266881000
"2016 YR","North America","UMT","Ultramobile Premium","Clamshell","Windows",6022.1702749059480
"2016 YR","North America","UMT","Ultramobile Premium","Hybrid","Windows",6822.6646693909890
"2016 YR","North America","UMT","Ultramobile Premium","Tablet","Windows",2144.2401467201100
"2016 YR","North America","UMT","Ultramobile Utility","Tablet","Android",1979.4709999807000
"2016 YR","Sub-Saharan Africa","UMT","Ultramobile Basic","Clamshell","Chrome",4.3229999999999
"2016 YR","Sub-Saharan Africa","UMT","Ultramobile Basic","Tablet","Android",1151.4098214945980
"2016 YR","Sub-Saharan Africa","UMT","Ultramobile Basic","Tablet","iOS",250.3839999999993
"2016 YR","Sub-Saharan Africa","UMT","Ultramobile Basic","Tablet","Windows",5.1136664807750
"2016 YR","Sub-Saharan Africa","UMT","Ultramobile Premium","Clamshell","Mac OS",58.1490897554992
"2016 YR","Sub-Saharan Africa","UMT","Ultramobile Premium","Clamshell","Windows",71.1557730357741
"2016 YR","Sub-Saharan Africa","UMT","Ultramobile Premium","Hybrid","Windows",72.3469423230439
"2016 YR","Sub-Saharan Africa","UMT","Ultramobile Premium","Tablet","Windows",10.9990395450095
"2016 YR","Sub-Saharan Africa","UMT","Ultramobile Utility","Tablet","Android",2716.0000000000000
"2016 YR","Western Europe","UMT","Ultramobile Basic","Clamshell","Chrome",531.9418960116454
"2016 YR","Western Europe","UMT","Ultramobile Basic","Hybrid","Android",37.8716276616973
"2016 YR","Western Europe","UMT","Ultramobile Basic","Hybrid","Chrome",6.6340411434035
"2016 YR","Western Europe","UMT","Ultramobile Basic","Tablet","Android",19113.0168046841666
"2016 YR","Western Europe","UMT","Ultramobile Basic","Tablet","iOS",7859.0819999999968
"2016 YR","Western Europe","UMT","Ultramobile Basic","Tablet","Windows",111.2363965530465
"2016 YR","Western Europe","UMT","Ultramobile Premium","Clamshell","Mac OS",2642.0914400321978
"2016 YR","Western Europe","UMT","Ultramobile Premium","Clamshell","Windows",2320.2827981535451
"2016 YR","Western Europe","UMT","Ultramobile Premium","Hybrid","Windows",3358.7185407529448
"2016 YR","Western Europe","UMT","Ultramobile Premium","Tablet","Windows",1483.6895550765582
"2016 YR","Western Europe","UMT","Ultramobile Utility","Tablet","Android",5508.0499999999997
"2017 YR","Eastern Europe","UMT","Ultramobile Basic","Clamshell","Chrome",2.9310000000997
"2017 YR","Eastern Europe","UMT","Ultramobile Basic","Hybrid","Android",5.0164934852611
"2017 YR","Eastern Europe","UMT","Ultramobile Basic","Tablet","Android",3577.6273803110370
"2017 YR","Eastern Europe","UMT","Ultramobile Basic","Tablet","iOS",318.8230229997981
"2017 YR","Eastern Europe","UMT","Ultramobile Basic","Tablet","Windows",2.0021512893998
"2017 YR","Eastern Europe","UMT","Ultramobile Premium","Clamshell","Mac OS",203.9836284279989
"2017 YR","Eastern Europe","UMT","Ultramobile Premium","Clamshell","Windows",334.3515946275066
"2017 YR","Eastern Europe","UMT","Ultramobile Premium","Hybrid","Windows",436.6079734138251
"2017 YR","Eastern Europe","UMT","Ultramobile Premium","Tablet","Windows",10.0059184918594
"2017 YR","Eastern Europe","UMT","Ultramobile Utility","Tablet","Android",1621.1000000000000
"2017 YR","Emerging Asia/Pacific","UMT","Ultramobile Basic","Clamshell","Chrome",22.6632199996995
"2017 YR","Emerging Asia/Pacific","UMT","Ultramobile Basic","Hybrid","Android",8.4956680534528
"2017 YR","Emerging Asia/Pacific","UMT","Ultramobile Basic","Tablet","Android",5181.3583319442500
"2017 YR","Emerging Asia/Pacific","UMT","Ultramobile Basic","Tablet","iOS",843.8969999999998
"2017 YR","Emerging Asia/Pacific","UMT","Ultramobile Premium","Clamshell","Mac OS",452.6889300003986
"2017 YR","Emerging Asia/Pacific","UMT","Ultramobile Premium","Clamshell","Windows",2064.1975173910850
"2017 YR","Emerging Asia/Pacific","UMT","Ultramobile Premium","Hybrid","Windows",749.0829103425132
"2017 YR","Emerging Asia/Pacific","UMT","Ultramobile Premium","Tablet","Windows",48.1642540446938
"2017 YR","Emerging Asia/Pacific","UMT","Ultramobile Utility","Tablet","Android",5587.0000000000000
"2017 YR","Eurasia","UMT","Ultramobile Basic","Clamshell","Chrome",.0051511250000
"2017 YR","Eurasia","UMT","Ultramobile Basic","Hybrid","Android",1.1430208000061
"2017 YR","Eurasia","UMT","Ultramobile Basic","Tablet","Android",2344.7403114324940
"2017 YR","Eurasia","UMT","Ultramobile Basic","Tablet","iOS",312.2182000000000
"2017 YR","Eurasia","UMT","Ultramobile Basic","Tablet","Windows",.8178366111999
"2017 YR","Eurasia","UMT","Ultramobile Premium","Clamshell","Mac OS",130.6148811390000
"2017 YR","Eurasia","UMT","Ultramobile Premium","Clamshell","Windows",394.7637017612460
"2017 YR","Eurasia","UMT","Ultramobile Premium","Hybrid","Windows",307.4590055286520
"2017 YR","Eurasia","UMT","Ultramobile Premium","Tablet","Windows",2.5512132879978
"2017 YR","Eurasia","UMT","Ultramobile Utility","Tablet","Android",1504.3700000000000
"2017 YR","Greater China","UMT","Ultramobile Basic","Clamshell","Chrome",12.8619999997997
"2017 YR","Greater China","UMT","Ultramobile Basic","Hybrid","Android",86.4160295377911
"2017 YR","Greater China","UMT","Ultramobile Basic","Tablet","Android",8352.4630331443070
"2017 YR","Greater China","UMT","Ultramobile Basic","Tablet","iOS",9580.2800000000000
"2017 YR","Greater China","UMT","Ultramobile Basic","Tablet","Windows",.2900000000000
"2017 YR","Greater China","UMT","Ultramobile Premium","Clamshell","Mac OS",1660.3578699999997
"2017 YR","Greater China","UMT","Ultramobile Premium","Clamshell","Windows",4657.8881384170980
"2017 YR","Greater China","UMT","Ultramobile Premium","Hybrid","Windows",1568.3090369435874
"2017 YR","Greater China","UMT","Ultramobile Premium","Tablet","Windows",415.0919426326179
"2017 YR","Greater China","UMT","Ultramobile Utility","Tablet","Android",3486.0000000000000
"2017 YR","Japan (Region)","UMT","Ultramobile Basic","Clamshell","Chrome",4.4088836853798
"2017 YR","Japan (Region)","UMT","Ultramobile Basic","Hybrid","Android",8.6840005372828
"2017 YR","Japan (Region)","UMT","Ultramobile Basic","Hybrid","Chrome",14.8410731419198
"2017 YR","Japan (Region)","UMT","Ultramobile Basic","Hybrid","Windows",33.0877558096712
"2017 YR","Japan (Region)","UMT","Ultramobile Basic","Tablet","Android",3619.9809978141200
"2017 YR","Japan (Region)","UMT","Ultramobile Basic","Tablet","iOS",3036.7430000000000
"2017 YR","Japan (Region)","UMT","Ultramobile Basic","Tablet","Windows",12.6842924193281
"2017 YR","Japan (Region)","UMT","Ultramobile Premium","Clamshell","Mac OS",473.2332412859000
"2017 YR","Japan (Region)","UMT","Ultramobile Premium","Clamshell","Windows",1575.6000700683700
"2017 YR","Japan (Region)","UMT","Ultramobile Premium","Hybrid","Windows",729.3169597563470
"2017 YR","Japan (Region)","UMT","Ultramobile Premium","Tablet","Windows",503.0209999279810
"2017 YR","Japan (Region)","UMT","Ultramobile Utility","Tablet","Android",139.2000000000000
"2017 YR","Latin America","UMT","Ultramobile Basic","Clamshell","Chrome",24.1109999999993
"2017 YR","Latin America","UMT","Ultramobile Basic","Tablet","Android",5443.1352883362950
"2017 YR","Latin America","UMT","Ultramobile Basic","Tablet","iOS",826.1169999999995
"2017 YR","Latin America","UMT","Ultramobile Basic","Tablet","Windows",.5518610540000
"2017 YR","Latin America","UMT","Ultramobile Premium","Clamshell","Mac OS",452.7218199999987
"2017 YR","Latin America","UMT","Ultramobile Premium","Clamshell","Windows",2215.4616890422720
"2017 YR","Latin America","UMT","Ultramobile Premium","Hybrid","Windows",370.5838280124043
"2017 YR","Latin America","UMT","Ultramobile Premium","Tablet","Windows",115.9590319092093
"2017 YR","Latin America","UMT","Ultramobile Utility","Tablet","Android",5715.0000000000000
"2017 YR","Mature Asia/Pacific","UMT","Ultramobile Basic","Clamshell","Chrome",159.3123980876984
"2017 YR","Mature Asia/Pacific","UMT","Ultramobile Basic","Hybrid","Android",11.8145208494500
"2017 YR","Mature Asia/Pacific","UMT","Ultramobile Basic","Tablet","Android",3710.8323714223440
"2017 YR","Mature Asia/Pacific","UMT","Ultramobile Basic","Tablet","iOS",1945.4820000000000
"2017 YR","Mature Asia/Pacific","UMT","Ultramobile Basic","Tablet","Windows",2.4103999997999
"2017 YR","Mature Asia/Pacific","UMT","Ultramobile Premium","Clamshell","Mac OS",659.2904799999996
"2017 YR","Mature Asia/Pacific","UMT","Ultramobile Premium","Clamshell","Windows",1504.7826239684794
"2017 YR","Mature Asia/Pacific","UMT","Ultramobile Premium","Hybrid","Windows",683.7329871593437
"2017 YR","Mature Asia/Pacific","UMT","Ultramobile Premium","Tablet","Windows",192.4586058395685
"2017 YR","Mature Asia/Pacific","UMT","Ultramobile Utility","Tablet","Android",19.3800000000000
"2017 YR","Middle East and North Africa","UMT","Ultramobile Basic","Clamshell","Chrome",9.3526044999999
"2017 YR","Middle East and North Africa","UMT","Ultramobile Basic","Hybrid","Android",5.4976870154880
"2017 YR","Middle East and North Africa","UMT","Ultramobile Basic","Tablet","Android",5788.3052732504020
"2017 YR","Middle East and North Africa","UMT","Ultramobile Basic","Tablet","iOS",355.8867455466992
"2017 YR","Middle East and North Africa","UMT","Ultramobile Basic","Tablet","Windows",22.8807999385985
"2017 YR","Middle East and North Africa","UMT","Ultramobile Premium","Clamshell","Mac OS",164.7167621476984
"2017 YR","Middle East and North Africa","UMT","Ultramobile Premium","Clamshell","Windows",458.5881045560793
"2017 YR","Middle East and North Africa","UMT","Ultramobile Premium","Hybrid","Windows",572.4687499967531
"2017 YR","Middle East and North Africa","UMT","Ultramobile Premium","Tablet","Windows",13.3073706025601
"2017 YR","Middle East and North Africa","UMT","Ultramobile Utility","Tablet","Android",3307.8800000000000
"2017 YR","North America","UMT","Ultramobile Basic","Clamshell","Chrome",11284.4979621226980
"2017 YR","North America","UMT","Ultramobile Basic","Hybrid","Android",9.2098671625371
"2017 YR","North America","UMT","Ultramobile Basic","Tablet","Android",16571.9058339323300
"2017 YR","North America","UMT","Ultramobile Basic","Tablet","iOS",16184.9600000000000
"2017 YR","North America","UMT","Ultramobile Basic","Tablet","Windows",54.4813199618982
"2017 YR","North America","UMT","Ultramobile Premium","Clamshell","Mac OS",4809.9708550000000
"2017 YR","North America","UMT","Ultramobile Premium","Clamshell","Windows",8166.1348816831690
"2017 YR","North America","UMT","Ultramobile Premium","Hybrid","Windows",8246.2762763915600
"2017 YR","North America","UMT","Ultramobile Premium","Tablet","Windows",1575.8707304480680
"2017 YR","North America","UMT","Ultramobile Utility","Tablet","Android",1273.3400000000000
"2017 YR","Sub-Saharan Africa","UMT","Ultramobile Basic","Clamshell","Chrome",5.1200000000000
"2017 YR","Sub-Saharan Africa","UMT","Ultramobile Basic","Hybrid","Android",.0999861156336
"2017 YR","Sub-Saharan Africa","UMT","Ultramobile Basic","Tablet","Android",1084.6638964526640
"2017 YR","Sub-Saharan Africa","UMT","Ultramobile Basic","Tablet","iOS",228.5292284999992
"2017 YR","Sub-Saharan Africa","UMT","Ultramobile Basic","Tablet","Windows",5.2924854039991
"2017 YR","Sub-Saharan Africa","UMT","Ultramobile Premium","Clamshell","Mac OS",61.0912109677996
"2017 YR","Sub-Saharan Africa","UMT","Ultramobile Premium","Clamshell","Windows",118.0511825143183
"2017 YR","Sub-Saharan Africa","UMT","Ultramobile Premium","Hybrid","Windows",92.5204371655682
"2017 YR","Sub-Saharan Africa","UMT","Ultramobile Premium","Tablet","Windows",3.9728824761090
"2017 YR","Sub-Saharan Africa","UMT","Ultramobile Utility","Tablet","Android",2117.8200000000000
"2017 YR","Western Europe","UMT","Ultramobile Basic","Clamshell","Chrome",629.5616276602575
"2017 YR","Western Europe","UMT","Ultramobile Basic","Hybrid","Android",20.1958131143286
"2017 YR","Western Europe","UMT","Ultramobile Basic","Hybrid","Chrome",8.3516698627306
"2017 YR","Western Europe","UMT","Ultramobile Basic","Tablet","Android",18746.6702014320517
"2017 YR","Western Europe","UMT","Ultramobile Basic","Tablet","iOS",7247.8832994998910
"2017 YR","Western Europe","UMT","Ultramobile Basic","Tablet","Windows",69.0594479434954
"2017 YR","Western Europe","UMT","Ultramobile Premium","Clamshell","Mac OS",2688.5090027504964
"2017 YR","Western Europe","UMT","Ultramobile Premium","Clamshell","Windows",2904.9980783343288
"2017 YR","Western Europe","UMT","Ultramobile Premium","Hybrid","Windows",4344.6354943313108
"2017 YR","Western Europe","UMT","Ultramobile Premium","Tablet","Windows",1116.0534298983142
"2017 YR","Western Europe","UMT","Ultramobile Utility","Tablet","Android",4908.3306538757992
"2018 YR","Eastern Europe","UMT","Ultramobile Basic","Clamshell","Chrome",3.9988000000000
"2018 YR","Eastern Europe","UMT","Ultramobile Basic","Clamshell","Windows",.0011000000000
"2018 YR","Eastern Europe","UMT","Ultramobile Basic","Tablet","Android",3337.1253000000000
"2018 YR","Eastern Europe","UMT","Ultramobile Basic","Tablet","iOS",313.4503000000000
"2018 YR","Eastern Europe","UMT","Ultramobile Basic","Tablet","Windows",.5261000000000
"2018 YR","Eastern Europe","UMT","Ultramobile Premium","Clamshell","Mac OS",268.1493000000000
"2018 YR","Eastern Europe","UMT","Ultramobile Premium","Clamshell","Windows",340.8475353001542
"2018 YR","Eastern Europe","UMT","Ultramobile Premium","Hybrid","Windows",617.8846853999301
"2018 YR","Eastern Europe","UMT","Ultramobile Premium","Tablet","Windows",113.4694792999158
"2018 YR","Eastern Europe","UMT","Ultramobile Utility","Tablet","Android",1863.1821000000000
"2018 YR","Emerging Asia/Pacific","UMT","Ultramobile Basic","Clamshell","Chrome",34.1410000000000
"2018 YR","Emerging Asia/Pacific","UMT","Ultramobile Basic","Tablet","Android",5868.6208000000000
"2018 YR","Emerging Asia/Pacific","UMT","Ultramobile Basic","Tablet","iOS",1056.7264000000000
"2018 YR","Emerging Asia/Pacific","UMT","Ultramobile Premium","Clamshell","Mac OS",550.2752000000000
"2018 YR","Emerging Asia/Pacific","UMT","Ultramobile Premium","Clamshell","Windows",2303.5402135592820
"2018 YR","Emerging Asia/Pacific","UMT","Ultramobile Premium","Hybrid","Windows",985.9239588378530
"2018 YR","Emerging Asia/Pacific","UMT","Ultramobile Premium","Tablet","Windows",71.0202276028657
"2018 YR","Emerging Asia/Pacific","UMT","Ultramobile Utility","Tablet","Android",4919.9233000000000
"2018 YR","Eurasia","UMT","Ultramobile Basic","Tablet","Android",2225.3781000000000
"2018 YR","Eurasia","UMT","Ultramobile Basic","Tablet","iOS",312.9140000000000
"2018 YR","Eurasia","UMT","Ultramobile Basic","Tablet","Windows",.2227000000000
"2018 YR","Eurasia","UMT","Ultramobile Premium","Clamshell","Mac OS",135.9238000000000
"2018 YR","Eurasia","UMT","Ultramobile Premium","Clamshell","Windows",403.7702286190630
"2018 YR","Eurasia","UMT","Ultramobile Premium","Hybrid","Windows",406.8967025847490
"2018 YR","Eurasia","UMT","Ultramobile Premium","Tablet","Windows",1.6248687961885
"2018 YR","Eurasia","UMT","Ultramobile Utility","Tablet","Android",1297.7496000000000
"2018 YR","Greater China","UMT","Ultramobile Basic","Hybrid","Android",89.6231012000001
"2018 YR","Greater China","UMT","Ultramobile Basic","Tablet","Android",8024.2249988000000
"2018 YR","Greater China","UMT","Ultramobile Basic","Tablet","iOS",9517.9372000000000
"2018 YR","Greater China","UMT","Ultramobile Premium","Clamshell","Mac OS",1710.1567000000000
"2018 YR","Greater China","UMT","Ultramobile Premium","Clamshell","Windows",4877.3927657040140
"2018 YR","Greater China","UMT","Ultramobile Premium","Hybrid","Windows",1869.3435618361020
"2018 YR","Greater China","UMT","Ultramobile Premium","Tablet","Windows",494.7801724598850
"2018 YR","Greater China","UMT","Ultramobile Utility","Tablet","Android",3687.1357000000000
"2018 YR","Japan (Region)","UMT","Ultramobile Basic","Clamshell","Chrome",27.4113000000000
"2018 YR","Japan (Region)","UMT","Ultramobile Basic","Hybrid","Android",.7329000000000
"2018 YR","Japan (Region)","UMT","Ultramobile Basic","Hybrid","Windows",17.6564000000000
"2018 YR","Japan (Region)","UMT","Ultramobile Basic","Tablet","Android",3664.8658000000000
"2018 YR","Japan (Region)","UMT","Ultramobile Basic","Tablet","iOS",3027.7605000000000
"2018 YR","Japan (Region)","UMT","Ultramobile Basic","Tablet","Windows",3.6164000000000
"2018 YR","Japan (Region)","UMT","Ultramobile Premium","Clamshell","Mac OS",538.3300000000000
"2018 YR","Japan (Region)","UMT","Ultramobile Premium","Clamshell","Windows",1480.1633000000000
"2018 YR","Japan (Region)","UMT","Ultramobile Premium","Hybrid","Windows",1102.9793000000000
"2018 YR","Japan (Region)","UMT","Ultramobile Premium","Tablet","Windows",539.6755000000000
"2018 YR","Japan (Region)","UMT","Ultramobile Utility","Tablet","Android",84.4963000000000
"2018 YR","Latin America","UMT","Ultramobile Basic","Clamshell","Chrome",92.4789000000000
"2018 YR","Latin America","UMT","Ultramobile Basic","Tablet","Android",5059.5426000000000
"2018 YR","Latin America","UMT","Ultramobile Basic","Tablet","iOS",912.3891000000000
"2018 YR","Latin America","UMT","Ultramobile Premium","Clamshell","Mac OS",570.8912000000000
"2018 YR","Latin America","UMT","Ultramobile Premium","Clamshell","Windows",1744.8846929981350
"2018 YR","Latin America","UMT","Ultramobile Premium","Hybrid","Windows",1268.0481798243260
"2018 YR","Latin America","UMT","Ultramobile Premium","Tablet","Windows",379.0278271775389
"2018 YR","Latin America","UMT","Ultramobile Utility","Tablet","Android",5480.7063000000000
"2018 YR","Mature Asia/Pacific","UMT","Ultramobile Basic","Clamshell","Chrome",168.2287000000000
"2018 YR","Mature Asia/Pacific","UMT","Ultramobile Basic","Tablet","Android",3611.5313000000000
"2018 YR","Mature Asia/Pacific","UMT","Ultramobile Basic","Tablet","iOS",2012.9822000000000
"2018 YR","Mature Asia/Pacific","UMT","Ultramobile Premium","Clamshell","Mac OS",743.2321000000000
"2018 YR","Mature Asia/Pacific","UMT","Ultramobile Premium","Clamshell","Windows",1619.2521001428222
"2018 YR","Mature Asia/Pacific","UMT","Ultramobile Premium","Hybrid","Windows",826.4665413704145
"2018 YR","Mature Asia/Pacific","UMT","Ultramobile Premium","Tablet","Windows",171.4009584867627
"2018 YR","Mature Asia/Pacific","UMT","Ultramobile Utility","Tablet","Android",16.4992000000000
"2018 YR","Middle East and North Africa","UMT","Ultramobile Basic","Clamshell","Chrome",4.8042000000000
"2018 YR","Middle East and North Africa","UMT","Ultramobile Basic","Clamshell","Windows",.0699009881594
"2018 YR","Middle East and North Africa","UMT","Ultramobile Basic","Tablet","Android",5979.9249000000000
"2018 YR","Middle East and North Africa","UMT","Ultramobile Basic","Tablet","iOS",462.8430000000000
"2018 YR","Middle East and North Africa","UMT","Ultramobile Basic","Tablet","Windows",13.9390990118405
"2018 YR","Middle East and North Africa","UMT","Ultramobile Premium","Clamshell","Mac OS",220.4467000000000
"2018 YR","Middle East and North Africa","UMT","Ultramobile Premium","Clamshell","Windows",353.0334821695686
"2018 YR","Middle East and North Africa","UMT","Ultramobile Premium","Hybrid","Windows",1021.6244217691510
"2018 YR","Middle East and North Africa","UMT","Ultramobile Premium","Tablet","Windows",131.3324960612805
"2018 YR","Middle East and North Africa","UMT","Ultramobile Utility","Tablet","Android",3660.4225000000000
"2018 YR","North America","UMT","Ultramobile Basic","Clamshell","Chrome",12549.8377000000000
"2018 YR","North America","UMT","Ultramobile Basic","Tablet","Android",17102.0047000000000
"2018 YR","North America","UMT","Ultramobile Basic","Tablet","iOS",17011.4912000000000
"2018 YR","North America","UMT","Ultramobile Premium","Clamshell","Mac OS",4740.5881000000000
"2018 YR","North America","UMT","Ultramobile Premium","Clamshell","Windows",8955.7143470000010
"2018 YR","North America","UMT","Ultramobile Premium","Hybrid","Windows",9133.3600635000000
"2018 YR","North America","UMT","Ultramobile Premium","Tablet","Windows",1672.6207894999990
"2018 YR","North America","UMT","Ultramobile Utility","Tablet","Android",1367.0373000000000
"2018 YR","Sub-Saharan Africa","UMT","Ultramobile Basic","Clamshell","Windows",.0068000000000
"2018 YR","Sub-Saharan Africa","UMT","Ultramobile Basic","Tablet","Android",1074.4672000000000
"2018 YR","Sub-Saharan Africa","UMT","Ultramobile Basic","Tablet","iOS",287.7534000000000
"2018 YR","Sub-Saharan Africa","UMT","Ultramobile Basic","Tablet","Windows",1.3686000000000
"2018 YR","Sub-Saharan Africa","UMT","Ultramobile Premium","Clamshell","Mac OS",79.6281000000000
"2018 YR","Sub-Saharan Africa","UMT","Ultramobile Premium","Clamshell","Windows",66.4940000000000
"2018 YR","Sub-Saharan Africa","UMT","Ultramobile Premium","Hybrid","Windows",229.1209000000000
"2018 YR","Sub-Saharan Africa","UMT","Ultramobile Premium","Tablet","Windows",31.7626000000000
"2018 YR","Sub-Saharan Africa","UMT","Ultramobile Utility","Tablet","Android",2239.1660000000000
"2018 YR","Western Europe","UMT","Ultramobile Basic","Clamshell","Chrome",665.2146000000000
"2018 YR","Western Europe","UMT","Ultramobile Basic","Clamshell","Windows",.4584009950623
"2018 YR","Western Europe","UMT","Ultramobile Basic","Tablet","Android",18725.0113000000000
"2018 YR","Western Europe","UMT","Ultramobile Basic","Tablet","iOS",7592.9661000000000
"2018 YR","Western Europe","UMT","Ultramobile Basic","Tablet","Windows",91.2328990049371
"2018 YR","Western Europe","UMT","Ultramobile Premium","Clamshell","Mac OS",2769.6861000000000
"2018 YR","Western Europe","UMT","Ultramobile Premium","Clamshell","Windows",4685.1322389464070
"2018 YR","Western Europe","UMT","Ultramobile Premium","Hybrid","Windows",5162.1578685138409
"2018 YR","Western Europe","UMT","Ultramobile Premium","Tablet","Windows",1356.0231925397544
"2018 YR","Western Europe","UMT","Ultramobile Utility","Tablet","Android",3927.7750000000000
"2019 YR","Eastern Europe","UMT","Ultramobile Basic","Clamshell","Chrome",6.1894000000000
"2019 YR","Eastern Europe","UMT","Ultramobile Basic","Tablet","Android",3412.4270000000000
"2019 YR","Eastern Europe","UMT","Ultramobile Basic","Tablet","iOS",336.1527000000000
"2019 YR","Eastern Europe","UMT","Ultramobile Premium","Clamshell","Mac OS",360.1016000000000
"2019 YR","Eastern Europe","UMT","Ultramobile Premium","Clamshell","Windows",459.4305262000273
"2019 YR","Eastern Europe","UMT","Ultramobile Premium","Hybrid","Windows",879.5307607999711
"2019 YR","Eastern Europe","UMT","Ultramobile Premium","Tablet","Windows",145.3746130000014
"2019 YR","Eastern Europe","UMT","Ultramobile Utility","Tablet","Android",1765.2822000000000
"2019 YR","Emerging Asia/Pacific","UMT","Ultramobile Basic","Clamshell","Chrome",44.5937000000000
"2019 YR","Emerging Asia/Pacific","UMT","Ultramobile Basic","Tablet","Android",6388.5884000000000
"2019 YR","Emerging Asia/Pacific","UMT","Ultramobile Basic","Tablet","iOS",1176.2766000000000
"2019 YR","Emerging Asia/Pacific","UMT","Ultramobile Premium","Clamshell","Mac OS",642.5609000000000
"2019 YR","Emerging Asia/Pacific","UMT","Ultramobile Premium","Clamshell","Windows",2415.6998356898590
"2019 YR","Emerging Asia/Pacific","UMT","Ultramobile Premium","Hybrid","Windows",1097.8980533681550
"2019 YR","Emerging Asia/Pacific","UMT","Ultramobile Premium","Tablet","Windows",84.5016109419865
"2019 YR","Emerging Asia/Pacific","UMT","Ultramobile Utility","Tablet","Android",4210.1095000000000
"2019 YR","Eurasia","UMT","Ultramobile Basic","Tablet","Android",1918.1521000000000
"2019 YR","Eurasia","UMT","Ultramobile Basic","Tablet","iOS",297.5217000000000
"2019 YR","Eurasia","UMT","Ultramobile Premium","Clamshell","Mac OS",134.6170000000000
"2019 YR","Eurasia","UMT","Ultramobile Premium","Clamshell","Windows",412.0760235637270
"2019 YR","Eurasia","UMT","Ultramobile Premium","Hybrid","Windows",464.2216473815050
"2019 YR","Eurasia","UMT","Ultramobile Premium","Tablet","Windows",1.3159290547674
"2019 YR","Eurasia","UMT","Ultramobile Utility","Tablet","Android",1105.2344000000000
"2019 YR","Greater China","UMT","Ultramobile Basic","Hybrid","Android",72.6436000000000
"2019 YR","Greater China","UMT","Ultramobile Basic","Tablet","Android",7809.8387000000000
"2019 YR","Greater China","UMT","Ultramobile Basic","Tablet","iOS",8987.2941000000000
"2019 YR","Greater China","UMT","Ultramobile Premium","Clamshell","Mac OS",1685.2093000000000
"2019 YR","Greater China","UMT","Ultramobile Premium","Clamshell","Windows",5208.0792000000000
"2019 YR","Greater China","UMT","Ultramobile Premium","Hybrid","Windows",1970.2116000000000
"2019 YR","Greater China","UMT","Ultramobile Premium","Tablet","Windows",448.7921000000000
"2019 YR","Greater China","UMT","Ultramobile Utility","Tablet","Android",3428.0441000000000
"2019 YR","Japan (Region)","UMT","Ultramobile Basic","Clamshell","Chrome",34.1676000000000
"2019 YR","Japan (Region)","UMT","Ultramobile Basic","Hybrid","Android",.3613000000000
"2019 YR","Japan (Region)","UMT","Ultramobile Basic","Tablet","Android",3612.7159000000000
"2019 YR","Japan (Region)","UMT","Ultramobile Basic","Tablet","iOS",3004.8849000000000
"2019 YR","Japan (Region)","UMT","Ultramobile Premium","Clamshell","Mac OS",597.3151000000000
"2019 YR","Japan (Region)","UMT","Ultramobile Premium","Clamshell","Windows",1614.8777528900000
"2019 YR","Japan (Region)","UMT","Ultramobile Premium","Hybrid","Windows",1293.6846622600000
"2019 YR","Japan (Region)","UMT","Ultramobile Premium","Tablet","Windows",519.3248848500010
"2019 YR","Japan (Region)","UMT","Ultramobile Utility","Tablet","Android",74.3987000000000
"2019 YR","Latin America","UMT","Ultramobile Basic","Clamshell","Chrome",56.6917000000000
"2019 YR","Latin America","UMT","Ultramobile Basic","Tablet","Android",4834.5443000000000
"2019 YR","Latin America","UMT","Ultramobile Basic","Tablet","iOS",854.4348000000000
"2019 YR","Latin America","UMT","Ultramobile Premium","Clamshell","Mac OS",649.9920000000000
"2019 YR","Latin America","UMT","Ultramobile Premium","Clamshell","Windows",1883.8734869887460
"2019 YR","Latin America","UMT","Ultramobile Premium","Hybrid","Windows",1528.3708097919100
"2019 YR","Latin America","UMT","Ultramobile Premium","Tablet","Windows",480.2468032193442
"2019 YR","Latin America","UMT","Ultramobile Utility","Tablet","Android",5335.7731000000000
"2019 YR","Mature Asia/Pacific","UMT","Ultramobile Basic","Clamshell","Chrome",190.7140000000000
"2019 YR","Mature Asia/Pacific","UMT","Ultramobile Basic","Tablet","Android",3514.1557000000000
"2019 YR","Mature Asia/Pacific","UMT","Ultramobile Basic","Tablet","iOS",2017.0036000000000
"2019 YR","Mature Asia/Pacific","UMT","Ultramobile Premium","Clamshell","Mac OS",833.9474000000000
"2019 YR","Mature Asia/Pacific","UMT","Ultramobile Premium","Clamshell","Windows",1734.0621708207900
"2019 YR","Mature Asia/Pacific","UMT","Ultramobile Premium","Hybrid","Windows",941.4990044664750
"2019 YR","Mature Asia/Pacific","UMT","Ultramobile Premium","Tablet","Windows",192.7739247127352
"2019 YR","Mature Asia/Pacific","UMT","Ultramobile Utility","Tablet","Android",13.4945000000000
"2019 YR","Middle East and North Africa","UMT","Ultramobile Basic","Clamshell","Chrome",5.3500000000000
"2019 YR","Middle East and North Africa","UMT","Ultramobile Basic","Tablet","Android",5365.7376000000000
"2019 YR","Middle East and North Africa","UMT","Ultramobile Basic","Tablet","iOS",520.5072000000000
"2019 YR","Middle East and North Africa","UMT","Ultramobile Premium","Clamshell","Mac OS",274.0934000000000
"2019 YR","Middle East and North Africa","UMT","Ultramobile Premium","Clamshell","Windows",420.5289814218894
"2019 YR","Middle East and North Africa","UMT","Ultramobile Premium","Hybrid","Windows",1401.6653296779120
"2019 YR","Middle East and North Africa","UMT","Ultramobile Premium","Tablet","Windows",150.6058889001991
"2019 YR","Middle East and North Africa","UMT","Ultramobile Utility","Tablet","Android",3503.6398000000000
"2019 YR","North America","UMT","Ultramobile Basic","Clamshell","Chrome",13899.9592000000000
"2019 YR","North America","UMT","Ultramobile Basic","Tablet","Android",17522.5085000000000
"2019 YR","North America","UMT","Ultramobile Basic","Tablet","iOS",17609.1471000000000
"2019 YR","North America","UMT","Ultramobile Premium","Clamshell","Mac OS",4759.9247000000000
"2019 YR","North America","UMT","Ultramobile Premium","Clamshell","Windows",9772.2184532000000
"2019 YR","North America","UMT","Ultramobile Premium","Hybrid","Windows",10187.7226368000000
"2019 YR","North America","UMT","Ultramobile Premium","Tablet","Windows",1727.3732100000000
"2019 YR","North America","UMT","Ultramobile Utility","Tablet","Android",1386.7142000000000
"2019 YR","Sub-Saharan Africa","UMT","Ultramobile Basic","Tablet","Android",1174.6202000000000
"2019 YR","Sub-Saharan Africa","UMT","Ultramobile Basic","Tablet","iOS",346.0404000000000
"2019 YR","Sub-Saharan Africa","UMT","Ultramobile Premium","Clamshell","Mac OS",88.8687000000000
"2019 YR","Sub-Saharan Africa","UMT","Ultramobile Premium","Clamshell","Windows",62.9330953013959
"2019 YR","Sub-Saharan Africa","UMT","Ultramobile Premium","Hybrid","Windows",216.1187181540780
"2019 YR","Sub-Saharan Africa","UMT","Ultramobile Premium","Tablet","Windows",33.5381865445260
"2019 YR","Sub-Saharan Africa","UMT","Ultramobile Utility","Tablet","Android",2554.7831000000000
"2019 YR","Western Europe","UMT","Ultramobile Basic","Clamshell","Chrome",749.7185000000000
"2019 YR","Western Europe","UMT","Ultramobile Basic","Tablet","Android",18522.5376000000000
"2019 YR","Western Europe","UMT","Ultramobile Basic","Tablet","iOS",7890.3199000000000
"2019 YR","Western Europe","UMT","Ultramobile Premium","Clamshell","Mac OS",3593.8627000000000
"2019 YR","Western Europe","UMT","Ultramobile Premium","Clamshell","Windows",6633.6765895873838
"2019 YR","Western Europe","UMT","Ultramobile Premium","Hybrid","Windows",7390.8596684848102
"2019 YR","Western Europe","UMT","Ultramobile Premium","Tablet","Windows",1411.4096419278082
"2019 YR","Western Europe","UMT","Ultramobile Utility","Tablet","Android",3049.1587000000000
"2020 YR","Eastern Europe","UMT","Ultramobile Basic","Clamshell","Chrome",9.4974000000000
"2020 YR","Eastern Europe","UMT","Ultramobile Basic","Tablet","Android",3376.8577000000000
"2020 YR","Eastern Europe","UMT","Ultramobile Basic","Tablet","iOS",342.9367000000000
"2020 YR","Eastern Europe","UMT","Ultramobile Premium","Clamshell","Mac OS",416.9813000000000
"2020 YR","Eastern Europe","UMT","Ultramobile Premium","Clamshell","Windows",504.0806000000000
"2020 YR","Eastern Europe","UMT","Ultramobile Premium","Hybrid","Windows",978.6751000000000
"2020 YR","Eastern Europe","UMT","Ultramobile Premium","Tablet","Windows",146.1774000000000
"2020 YR","Eastern Europe","UMT","Ultramobile Utility","Tablet","Android",1764.7196000000000
"2020 YR","Emerging Asia/Pacific","UMT","Ultramobile Basic","Clamshell","Chrome",54.3853000000000
"2020 YR","Emerging Asia/Pacific","UMT","Ultramobile Basic","Tablet","Android",6626.2840000000000
"2020 YR","Emerging Asia/Pacific","UMT","Ultramobile Basic","Tablet","iOS",1305.8638000000000
"2020 YR","Emerging Asia/Pacific","UMT","Ultramobile Premium","Clamshell","Mac OS",738.1423000000000
"2020 YR","Emerging Asia/Pacific","UMT","Ultramobile Premium","Clamshell","Windows",2536.2132560159240
"2020 YR","Emerging Asia/Pacific","UMT","Ultramobile Premium","Hybrid","Windows",1240.2038740079960
"2020 YR","Emerging Asia/Pacific","UMT","Ultramobile Premium","Tablet","Windows",99.1660699760797
"2020 YR","Emerging Asia/Pacific","UMT","Ultramobile Utility","Tablet","Android",3616.1376000000000
"2020 YR","Eurasia","UMT","Ultramobile Basic","Tablet","Android",1776.5712000000000
"2020 YR","Eurasia","UMT","Ultramobile Basic","Tablet","iOS",296.2812000000000
"2020 YR","Eurasia","UMT","Ultramobile Premium","Clamshell","Mac OS",145.1120000000000
"2020 YR","Eurasia","UMT","Ultramobile Premium","Clamshell","Windows",435.0174581852388
"2020 YR","Eurasia","UMT","Ultramobile Premium","Hybrid","Windows",517.0762024231400
"2020 YR","Eurasia","UMT","Ultramobile Premium","Tablet","Windows",1.2403393916211
"2020 YR","Eurasia","UMT","Ultramobile Utility","Tablet","Android",1010.5178000000000
"2020 YR","Greater China","UMT","Ultramobile Basic","Tablet","Android",7764.6234000000000
"2020 YR","Greater China","UMT","Ultramobile Basic","Tablet","iOS",8460.7425000000000
"2020 YR","Greater China","UMT","Ultramobile Premium","Clamshell","Mac OS",1718.3646000000000
"2020 YR","Greater China","UMT","Ultramobile Premium","Clamshell","Windows",5382.5824000000000
"2020 YR","Greater China","UMT","Ultramobile Premium","Hybrid","Windows",2010.2563000000000
"2020 YR","Greater China","UMT","Ultramobile Premium","Tablet","Windows",382.9421000000000
"2020 YR","Greater China","UMT","Ultramobile Utility","Tablet","Android",3193.5503000000000
"2020 YR","Japan (Region)","UMT","Ultramobile Basic","Clamshell","Chrome",34.8340000000000
"2020 YR","Japan (Region)","UMT","Ultramobile Basic","Hybrid","Android",.3562000000000
"2020 YR","Japan (Region)","UMT","Ultramobile Basic","Tablet","Android",3560.7527000000000
"2020 YR","Japan (Region)","UMT","Ultramobile Basic","Tablet","iOS",2973.7364000000000
"2020 YR","Japan (Region)","UMT","Ultramobile Premium","Clamshell","Mac OS",640.4380000000000
"2020 YR","Japan (Region)","UMT","Ultramobile Premium","Clamshell","Windows",1710.9662000000000
"2020 YR","Japan (Region)","UMT","Ultramobile Premium","Hybrid","Windows",1453.2660000000000
"2020 YR","Japan (Region)","UMT","Ultramobile Premium","Tablet","Windows",538.3564000000000
"2020 YR","Japan (Region)","UMT","Ultramobile Utility","Tablet","Android",58.2805000000000
"2020 YR","Latin America","UMT","Ultramobile Basic","Clamshell","Chrome",84.8464000000000
"2020 YR","Latin America","UMT","Ultramobile Basic","Tablet","Android",4668.3942000000000
"2020 YR","Latin America","UMT","Ultramobile Basic","Tablet","iOS",883.0371000000000
"2020 YR","Latin America","UMT","Ultramobile Premium","Clamshell","Mac OS",781.4439000000000
"2020 YR","Latin America","UMT","Ultramobile Premium","Clamshell","Windows",2094.8540926818070
"2020 YR","Latin America","UMT","Ultramobile Premium","Hybrid","Windows",1877.0437813631470
"2020 YR","Latin America","UMT","Ultramobile Premium","Tablet","Windows",618.1478259550460
"2020 YR","Latin America","UMT","Ultramobile Utility","Tablet","Android",5201.6343000000000
"2020 YR","Mature Asia/Pacific","UMT","Ultramobile Basic","Clamshell","Chrome",199.4012000000000
"2020 YR","Mature Asia/Pacific","UMT","Ultramobile Basic","Tablet","Android",3482.0661000000000
"2020 YR","Mature Asia/Pacific","UMT","Ultramobile Basic","Tablet","iOS",2020.4373000000000
"2020 YR","Mature Asia/Pacific","UMT","Ultramobile Premium","Clamshell","Mac OS",909.2798000000000
"2020 YR","Mature Asia/Pacific","UMT","Ultramobile Premium","Clamshell","Windows",1802.4858069739685
"2020 YR","Mature Asia/Pacific","UMT","Ultramobile Premium","Hybrid","Windows",1052.7839049250417
"2020 YR","Mature Asia/Pacific","UMT","Ultramobile Premium","Tablet","Windows",201.3505881009905
"2020 YR","Mature Asia/Pacific","UMT","Ultramobile Utility","Tablet","Android",11.3852000000000
"2020 YR","Middle East and North Africa","UMT","Ultramobile Basic","Clamshell","Chrome",6.4573000000000
"2020 YR","Middle East and North Africa","UMT","Ultramobile Basic","Tablet","Android",5564.1700000000000
"2020 YR","Middle East and North Africa","UMT","Ultramobile Basic","Tablet","iOS",573.9179000000000
"2020 YR","Middle East and North Africa","UMT","Ultramobile Premium","Clamshell","Mac OS",390.9576000000000
"2020 YR","Middle East and North Africa","UMT","Ultramobile Premium","Clamshell","Windows",428.9764000000000
"2020 YR","Middle East and North Africa","UMT","Ultramobile Premium","Hybrid","Windows",1507.0528000000000
"2020 YR","Middle East and North Africa","UMT","Ultramobile Premium","Tablet","Windows",154.3450000000000
"2020 YR","Middle East and North Africa","UMT","Ultramobile Utility","Tablet","Android",3951.9267000000000
"2020 YR","North America","UMT","Ultramobile Basic","Clamshell","Chrome",14783.2679000000000
"2020 YR","North America","UMT","Ultramobile Basic","Tablet","Android",17275.1181000000000
"2020 YR","North America","UMT","Ultramobile Basic","Tablet","iOS",17704.9725000000000
"2020 YR","North America","UMT","Ultramobile Premium","Clamshell","Mac OS",4847.9991000000000
"2020 YR","North America","UMT","Ultramobile Premium","Clamshell","Windows",10026.4954296219310
"2020 YR","North America","UMT","Ultramobile Premium","Hybrid","Windows",10625.3841810204990
"2020 YR","North America","UMT","Ultramobile Premium","Tablet","Windows",1740.1145893575400
"2020 YR","North America","UMT","Ultramobile Utility","Tablet","Android",1361.7359000000000
"2020 YR","Sub-Saharan Africa","UMT","Ultramobile Basic","Tablet","Android",1205.7878000000000
"2020 YR","Sub-Saharan Africa","UMT","Ultramobile Basic","Tablet","iOS",436.7474000000000
"2020 YR","Sub-Saharan Africa","UMT","Ultramobile Premium","Clamshell","Mac OS",95.5356000000000
"2020 YR","Sub-Saharan Africa","UMT","Ultramobile Premium","Clamshell","Windows",67.5101457519777
"2020 YR","Sub-Saharan Africa","UMT","Ultramobile Premium","Hybrid","Windows",230.6619761706126
"2020 YR","Sub-Saharan Africa","UMT","Ultramobile Premium","Tablet","Windows",42.2399780774103
"2020 YR","Sub-Saharan Africa","UMT","Ultramobile Utility","Tablet","Android",2765.2541000000000
"2020 YR","Western Europe","UMT","Ultramobile Basic","Clamshell","Chrome",812.7398000000000
"2020 YR","Western Europe","UMT","Ultramobile Basic","Tablet","Android",18277.5824000000000
"2020 YR","Western Europe","UMT","Ultramobile Basic","Tablet","iOS",7816.4052000000000
"2020 YR","Western Europe","UMT","Ultramobile Premium","Clamshell","Mac OS",4073.7688000000000
"2020 YR","Western Europe","UMT","Ultramobile Premium","Clamshell","Windows",7503.4171538534774
"2020 YR","Western Europe","UMT","Ultramobile Premium","Hybrid","Windows",9372.2091533374347
"2020 YR","Western Europe","UMT","Ultramobile Premium","Tablet","Windows",1390.3418928090668
"2020 YR","Western Europe","UMT","Ultramobile Utility","Tablet","Android",2360.6945000000000
"2021 YR","Eastern Europe","UMT","Ultramobile Basic","Clamshell","Chrome",13.1393000000000
"2021 YR","Eastern Europe","UMT","Ultramobile Basic","Tablet","Android",3156.8217000000000
"2021 YR","Eastern Europe","UMT","Ultramobile Basic","Tablet","iOS",328.8693000000000
"2021 YR","Eastern Europe","UMT","Ultramobile Premium","Clamshell","Mac OS",470.1085000000000
"2021 YR","Eastern Europe","UMT","Ultramobile Premium","Clamshell","Windows",533.7519997000183
"2021 YR","Eastern Europe","UMT","Ultramobile Premium","Hybrid","Windows",1064.4132984999210
"2021 YR","Eastern Europe","UMT","Ultramobile Premium","Tablet","Windows",143.7949018000610
"2021 YR","Eastern Europe","UMT","Ultramobile Utility","Tablet","Android",1728.6005000000000
"2021 YR","Emerging Asia/Pacific","UMT","Ultramobile Basic","Clamshell","Chrome",77.6926000000000
"2021 YR","Emerging Asia/Pacific","UMT","Ultramobile Basic","Tablet","Android",6876.5418000000000
"2021 YR","Emerging Asia/Pacific","UMT","Ultramobile Basic","Tablet","iOS",1445.6319000000000
"2021 YR","Emerging Asia/Pacific","UMT","Ultramobile Premium","Clamshell","Mac OS",832.0616000000000
"2021 YR","Emerging Asia/Pacific","UMT","Ultramobile Premium","Clamshell","Windows",2719.4964560954360
"2021 YR","Emerging Asia/Pacific","UMT","Ultramobile Premium","Hybrid","Windows",1392.8105817658120
"2021 YR","Emerging Asia/Pacific","UMT","Ultramobile Premium","Tablet","Windows",113.7296621387512
"2021 YR","Emerging Asia/Pacific","UMT","Ultramobile Utility","Tablet","Android",3076.4217000000000
"2021 YR","Eurasia","UMT","Ultramobile Basic","Tablet","Android",1778.9384000000000
"2021 YR","Eurasia","UMT","Ultramobile Basic","Tablet","iOS",310.8383000000000
"2021 YR","Eurasia","UMT","Ultramobile Premium","Clamshell","Mac OS",146.1332000000000
"2021 YR","Eurasia","UMT","Ultramobile Premium","Clamshell","Windows",460.3728262746349
"2021 YR","Eurasia","UMT","Ultramobile Premium","Hybrid","Windows",582.8740472674020
"2021 YR","Eurasia","UMT","Ultramobile Premium","Tablet","Windows",1.2502264579627
"2021 YR","Eurasia","UMT","Ultramobile Utility","Tablet","Android",812.7786000000000
"2021 YR","Greater China","UMT","Ultramobile Basic","Tablet","Android",8160.6098000000000
"2021 YR","Greater China","UMT","Ultramobile Basic","Tablet","iOS",8544.5993000000000
"2021 YR","Greater China","UMT","Ultramobile Premium","Clamshell","Mac OS",1747.6888000000000
"2021 YR","Greater China","UMT","Ultramobile Premium","Clamshell","Windows",5486.9508091311880
"2021 YR","Greater China","UMT","Ultramobile Premium","Hybrid","Windows",2128.4538938263675
"2021 YR","Greater China","UMT","Ultramobile Premium","Tablet","Windows",312.8201970424450
"2021 YR","Greater China","UMT","Ultramobile Utility","Tablet","Android",2860.9595000000000
"2021 YR","Japan (Region)","UMT","Ultramobile Basic","Clamshell","Chrome",35.1408000000000
"2021 YR","Japan (Region)","UMT","Ultramobile Basic","Hybrid","Android",.3494000000000
"2021 YR","Japan (Region)","UMT","Ultramobile Basic","Tablet","Android",3492.7425000000000
"2021 YR","Japan (Region)","UMT","Ultramobile Basic","Tablet","iOS",2938.8773000000000
"2021 YR","Japan (Region)","UMT","Ultramobile Premium","Clamshell","Mac OS",623.4909000000000
"2021 YR","Japan (Region)","UMT","Ultramobile Premium","Clamshell","Windows",1610.8745455600000
"2021 YR","Japan (Region)","UMT","Ultramobile Premium","Hybrid","Windows",1422.7741402400000
"2021 YR","Japan (Region)","UMT","Ultramobile Premium","Tablet","Windows",502.0723141999980
"2021 YR","Japan (Region)","UMT","Ultramobile Utility","Tablet","Android",55.6649000000000
"2021 YR","Latin America","UMT","Ultramobile Basic","Clamshell","Chrome",105.6789000000000
"2021 YR","Latin America","UMT","Ultramobile Basic","Tablet","Android",4548.4528000000000
"2021 YR","Latin America","UMT","Ultramobile Basic","Tablet","iOS",906.3456000000000
"2021 YR","Latin America","UMT","Ultramobile Premium","Clamshell","Mac OS",914.8150000000000
"2021 YR","Latin America","UMT","Ultramobile Premium","Clamshell","Windows",2436.8095365635610
"2021 YR","Latin America","UMT","Ultramobile Premium","Hybrid","Windows",2183.2653455213040
"2021 YR","Latin America","UMT","Ultramobile Premium","Tablet","Windows",719.0063179151350
"2021 YR","Latin America","UMT","Ultramobile Utility","Tablet","Android",5078.1505000000000
"2021 YR","Mature Asia/Pacific","UMT","Ultramobile Basic","Clamshell","Chrome",214.2279000000000
"2021 YR","Mature Asia/Pacific","UMT","Ultramobile Basic","Tablet","Android",3413.5887000000000
"2021 YR","Mature Asia/Pacific","UMT","Ultramobile Basic","Tablet","iOS",2015.1277000000000
"2021 YR","Mature Asia/Pacific","UMT","Ultramobile Premium","Clamshell","Mac OS",960.7248000000000
"2021 YR","Mature Asia/Pacific","UMT","Ultramobile Premium","Clamshell","Windows",1807.7956715302315
"2021 YR","Mature Asia/Pacific","UMT","Ultramobile Premium","Hybrid","Windows",1124.9656598455305
"2021 YR","Mature Asia/Pacific","UMT","Ultramobile Premium","Tablet","Windows",211.8072686242391
"2021 YR","Mature Asia/Pacific","UMT","Ultramobile Utility","Tablet","Android",10.9600000000000
"2021 YR","Middle East and North Africa","UMT","Ultramobile Basic","Clamshell","Chrome",6.8254000000000
"2021 YR","Middle East and North Africa","UMT","Ultramobile Basic","Tablet","Android",5730.8641000000000
"2021 YR","Middle East and North Africa","UMT","Ultramobile Basic","Tablet","iOS",633.1297000000000
"2021 YR","Middle East and North Africa","UMT","Ultramobile Premium","Clamshell","Mac OS",467.7843000000000
"2021 YR","Middle East and North Africa","UMT","Ultramobile Premium","Clamshell","Windows",482.5318733977290
"2021 YR","Middle East and North Africa","UMT","Ultramobile Premium","Hybrid","Windows",1623.7534317434210
"2021 YR","Middle East and North Africa","UMT","Ultramobile Premium","Tablet","Windows",161.0798948588490
"2021 YR","Middle East and North Africa","UMT","Ultramobile Utility","Tablet","Android",3984.2726000000000
"2021 YR","North America","UMT","Ultramobile Basic","Clamshell","Chrome",15300.4171000000000
"2021 YR","North America","UMT","Ultramobile Basic","Tablet","Android",17078.6308000000000
"2021 YR","North America","UMT","Ultramobile Basic","Tablet","iOS",17646.4850000000000
"2021 YR","North America","UMT","Ultramobile Premium","Clamshell","Mac OS",4867.0141000000000
"2021 YR","North America","UMT","Ultramobile Premium","Clamshell","Windows",10057.9312560000000
"2021 YR","North America","UMT","Ultramobile Premium","Hybrid","Windows",10725.6469515000000
"2021 YR","North America","UMT","Ultramobile Premium","Tablet","Windows",1725.3995925000000
"2021 YR","North America","UMT","Ultramobile Utility","Tablet","Android",1350.8130000000000
"2021 YR","Sub-Saharan Africa","UMT","Ultramobile Basic","Tablet","Android",1267.5518000000000
"2021 YR","Sub-Saharan Africa","UMT","Ultramobile Basic","Tablet","iOS",492.8684000000000
"2021 YR","Sub-Saharan Africa","UMT","Ultramobile Premium","Clamshell","Mac OS",104.5499000000000
"2021 YR","Sub-Saharan Africa","UMT","Ultramobile Premium","Clamshell","Windows",75.6522493606702
"2021 YR","Sub-Saharan Africa","UMT","Ultramobile Premium","Hybrid","Windows",258.2715435922957
"2021 YR","Sub-Saharan Africa","UMT","Ultramobile Premium","Tablet","Windows",51.1838070470341
"2021 YR","Sub-Saharan Africa","UMT","Ultramobile Utility","Tablet","Android",3044.5845000000000
"2021 YR","Western Europe","UMT","Ultramobile Basic","Clamshell","Chrome",862.2973000000000
"2021 YR","Western Europe","UMT","Ultramobile Basic","Tablet","Android",17408.0773000000000
"2021 YR","Western Europe","UMT","Ultramobile Basic","Tablet","iOS",7525.9622000000000
"2021 YR","Western Europe","UMT","Ultramobile Premium","Clamshell","Mac OS",4499.1983000000000
"2021 YR","Western Europe","UMT","Ultramobile Premium","Clamshell","Windows",8835.6047698982266
"2021 YR","Western Europe","UMT","Ultramobile Premium","Hybrid","Windows",10902.1554359122781
"2021 YR","Western Europe","UMT","Ultramobile Premium","Tablet","Windows",1273.1330941894964
"2021 YR","Western Europe","UMT","Ultramobile Utility","Tablet","Android",1837.6333000000000
"2022 YR","Eastern Europe","UMT","Ultramobile Basic","Clamshell","Chrome",18.6111000000000
"2022 YR","Eastern Europe","UMT","Ultramobile Basic","Tablet","Android",2992.9585000000000
"2022 YR","Eastern Europe","UMT","Ultramobile Basic","Tablet","iOS",320.8626000000000
"2022 YR","Eastern Europe","UMT","Ultramobile Premium","Clamshell","Mac OS",525.3363000000000
"2022 YR","Eastern Europe","UMT","Ultramobile Premium","Clamshell","Windows",554.2397461696318
"2022 YR","Eastern Europe","UMT","Ultramobile Premium","Hybrid","Windows",1148.2526083619280
"2022 YR","Eastern Europe","UMT","Ultramobile Premium","Tablet","Windows",139.4093454684410
"2022 YR","Eastern Europe","UMT","Ultramobile Utility","Tablet","Android",1620.3729000000000
"2022 YR","Emerging Asia/Pacific","UMT","Ultramobile Basic","Clamshell","Chrome",104.9560000000000
"2022 YR","Emerging Asia/Pacific","UMT","Ultramobile Basic","Tablet","Android",6895.2955000000000
"2022 YR","Emerging Asia/Pacific","UMT","Ultramobile Basic","Tablet","iOS",1547.2793000000000
"2022 YR","Emerging Asia/Pacific","UMT","Ultramobile Premium","Clamshell","Mac OS",970.6711000000000
"2022 YR","Emerging Asia/Pacific","UMT","Ultramobile Premium","Clamshell","Windows",3030.7876065443840
"2022 YR","Emerging Asia/Pacific","UMT","Ultramobile Premium","Hybrid","Windows",1588.0958525014160
"2022 YR","Emerging Asia/Pacific","UMT","Ultramobile Premium","Tablet","Windows",132.0256409542009
"2022 YR","Emerging Asia/Pacific","UMT","Ultramobile Utility","Tablet","Android",2792.0633000000000
"2022 YR","Eurasia","UMT","Ultramobile Basic","Tablet","Android",1720.3379000000000
"2022 YR","Eurasia","UMT","Ultramobile Basic","Tablet","iOS",308.0406000000000
"2022 YR","Eurasia","UMT","Ultramobile Premium","Clamshell","Mac OS",144.0493000000000
"2022 YR","Eurasia","UMT","Ultramobile Premium","Clamshell","Windows",478.8455969861262
"2022 YR","Eurasia","UMT","Ultramobile Premium","Hybrid","Windows",606.6275822587030
"2022 YR","Eurasia","UMT","Ultramobile Premium","Tablet","Windows",1.0889207551711
"2022 YR","Eurasia","UMT","Ultramobile Utility","Tablet","Android",694.4270000000000
"2022 YR","Greater China","UMT","Ultramobile Basic","Tablet","Android",8617.6400000000000
"2022 YR","Greater China","UMT","Ultramobile Basic","Tablet","iOS",8634.4197000000000
"2022 YR","Greater China","UMT","Ultramobile Premium","Clamshell","Mac OS",1777.5967000000000
"2022 YR","Greater China","UMT","Ultramobile Premium","Clamshell","Windows",5595.4431091312180
"2022 YR","Greater China","UMT","Ultramobile Premium","Hybrid","Windows",2169.9034938263414
"2022 YR","Greater China","UMT","Ultramobile Premium","Tablet","Windows",318.7703970424405
"2022 YR","Greater China","UMT","Ultramobile Utility","Tablet","Android",2563.0064000000000
"2022 YR","Japan (Region)","UMT","Ultramobile Basic","Clamshell","Chrome",35.5430000000000
"2022 YR","Japan (Region)","UMT","Ultramobile Basic","Hybrid","Android",.3455000100017
"2022 YR","Japan (Region)","UMT","Ultramobile Basic","Tablet","Android",3454.0627999900000
"2022 YR","Japan (Region)","UMT","Ultramobile Basic","Tablet","iOS",2925.9140000000000
"2022 YR","Japan (Region)","UMT","Ultramobile Premium","Clamshell","Mac OS",578.1244000000000
"2022 YR","Japan (Region)","UMT","Ultramobile Premium","Clamshell","Windows",1510.7795000000000
"2022 YR","Japan (Region)","UMT","Ultramobile Premium","Hybrid","Windows",1334.3671000000000
"2022 YR","Japan (Region)","UMT","Ultramobile Premium","Tablet","Windows",470.8750000000000
"2022 YR","Japan (Region)","UMT","Ultramobile Utility","Tablet","Android",51.7579000000000
"2022 YR","Latin America","UMT","Ultramobile Basic","Clamshell","Chrome",136.7972000000000
"2022 YR","Latin America","UMT","Ultramobile Basic","Tablet","Android",4543.7737000000000
"2022 YR","Latin America","UMT","Ultramobile Basic","Tablet","iOS",955.0128000000000
"2022 YR","Latin America","UMT","Ultramobile Premium","Clamshell","Mac OS",1137.2565000000000
"2022 YR","Latin America","UMT","Ultramobile Premium","Clamshell","Windows",3008.5096205183560
"2022 YR","Latin America","UMT","Ultramobile Premium","Hybrid","Windows",2695.2069114057040
"2022 YR","Latin America","UMT","Ultramobile Premium","Tablet","Windows",887.6286680759400
"2022 YR","Latin America","UMT","Ultramobile Utility","Tablet","Android",4963.3721000000000
"2022 YR","Mature Asia/Pacific","UMT","Ultramobile Basic","Clamshell","Chrome",233.2116000000000
"2022 YR","Mature Asia/Pacific","UMT","Ultramobile Basic","Tablet","Android",3413.7155000000000
"2022 YR","Mature Asia/Pacific","UMT","Ultramobile Basic","Tablet","iOS",2047.8846000000000
"2022 YR","Mature Asia/Pacific","UMT","Ultramobile Premium","Clamshell","Mac OS",1033.2845000000000
"2022 YR","Mature Asia/Pacific","UMT","Ultramobile Premium","Clamshell","Windows",1874.4246247608281
"2022 YR","Mature Asia/Pacific","UMT","Ultramobile Premium","Hybrid","Windows",1194.2417248513671
"2022 YR","Mature Asia/Pacific","UMT","Ultramobile Premium","Tablet","Windows",225.9051503878050
"2022 YR","Mature Asia/Pacific","UMT","Ultramobile Utility","Tablet","Android",9.9478000000000
"2022 YR","Middle East and North Africa","UMT","Ultramobile Basic","Clamshell","Chrome",7.0004000000000
"2022 YR","Middle East and North Africa","UMT","Ultramobile Basic","Tablet","Android",5740.7669000000000
"2022 YR","Middle East and North Africa","UMT","Ultramobile Basic","Tablet","iOS",678.1381000000000
"2022 YR","Middle East and North Africa","UMT","Ultramobile Premium","Clamshell","Mac OS",534.3195000000000
"2022 YR","Middle East and North Africa","UMT","Ultramobile Premium","Clamshell","Windows",503.1647960177108
"2022 YR","Middle East and North Africa","UMT","Ultramobile Premium","Hybrid","Windows",1695.1805063995860
"2022 YR","Middle East and North Africa","UMT","Ultramobile Premium","Tablet","Windows",168.6635975827037
"2022 YR","Middle East and North Africa","UMT","Ultramobile Utility","Tablet","Android",4009.6405000000000
"2022 YR","North America","UMT","Ultramobile Basic","Clamshell","Chrome",15773.9806000000000
"2022 YR","North America","UMT","Ultramobile Basic","Tablet","Android",17101.1472000000000
"2022 YR","North America","UMT","Ultramobile Basic","Tablet","iOS",17718.7357000000000
"2022 YR","North America","UMT","Ultramobile Premium","Clamshell","Mac OS",4888.2404000000000
"2022 YR","North America","UMT","Ultramobile Premium","Clamshell","Windows",10121.7247000000000
"2022 YR","North America","UMT","Ultramobile Premium","Hybrid","Windows",10886.2346000000000
"2022 YR","North America","UMT","Ultramobile Premium","Tablet","Windows",1698.5274000000000
"2022 YR","North America","UMT","Ultramobile Utility","Tablet","Android",1350.4893000000000
"2022 YR","Sub-Saharan Africa","UMT","Ultramobile Basic","Tablet","Android",1382.2274000000000
"2022 YR","Sub-Saharan Africa","UMT","Ultramobile Basic","Tablet","iOS",567.1814000000000
"2022 YR","Sub-Saharan Africa","UMT","Ultramobile Premium","Clamshell","Mac OS",108.0200000000000
"2022 YR","Sub-Saharan Africa","UMT","Ultramobile Premium","Clamshell","Windows",84.6034954648538
"2022 YR","Sub-Saharan Africa","UMT","Ultramobile Premium","Hybrid","Windows",287.9429210005990
"2022 YR","Sub-Saharan Africa","UMT","Ultramobile Premium","Tablet","Windows",57.0527835345476
"2022 YR","Sub-Saharan Africa","UMT","Ultramobile Utility","Tablet","Android",3342.2168000000000
"2022 YR","Western Europe","UMT","Ultramobile Basic","Clamshell","Chrome",921.5400000000000
"2022 YR","Western Europe","UMT","Ultramobile Basic","Tablet","Android",16812.4894000000000
"2022 YR","Western Europe","UMT","Ultramobile Basic","Tablet","iOS",7330.6459000000000
"2022 YR","Western Europe","UMT","Ultramobile Premium","Clamshell","Mac OS",4680.0096000000000
"2022 YR","Western Europe","UMT","Ultramobile Premium","Clamshell","Windows",9500.9903105504884
"2022 YR","Western Europe","UMT","Ultramobile Premium","Hybrid","Windows",11718.6519785489941
"2022 YR","Western Europe","UMT","Ultramobile Premium","Tablet","Windows",1367.2371109005148
"2022 YR","Western Europe","UMT","Ultramobile Utility","Tablet","Android",1397.7310000000000
