"Year","SuperRegion","Region","Country",Unit Installed Base,Total Sales To End Users
"2016 YR","Americas","Latin America","Argentina",38451.3965798851900,10179.4979933517980
"2016 YR","Americas","Latin America","Brazil",179868.4983340907900,47355.8989281705000
"2016 YR","Americas","Latin America","Chile",23308.5329297071100,7131.6122193342980
"2016 YR","Americas","Latin America","Colombia",29118.1059165555150,10277.6062542855980
"2016 YR","Americas","Latin America","Mexico",130797.4115241160406,39822.6410848201999
"2016 YR","Americas","Latin America","Rest of Latin America",141354.8093071402100,38445.9568058006000
"2016 YR","Americas","North America","Canada",22169.1504990451830,11205.8289999993990
"2016 YR","Americas","North America","United States",351031.9939440068000,185832.5700000000000
"2016 YR","Asia/Pacific","Emerging Asia/Pacific","India",639324.7647745579260,251718.1999999563990
"2016 YR","Asia/Pacific","Emerging Asia/Pacific","Indonesia",199369.5440892577280,77875.0000000014960
"2016 YR","Asia/Pacific","Emerging Asia/Pacific","Malaysia",31292.4027174923576,9731.8999999987955
"2016 YR","Asia/Pacific","Emerging Asia/Pacific","Rest of Emerging Asia/Pacific",252678.4902763375150,113369.5999999582990
"2016 YR","Asia/Pacific","Emerging Asia/Pacific","Thailand",57281.0465167271348,22898.2999999993946
"2016 YR","Asia/Pacific","Greater China","China",1111501.5924786059400,468191.1999999222000
"2016 YR","Asia/Pacific","Greater China","Hong Kong",38255.6091697823452,12017.2999999996964
"2016 YR","Asia/Pacific","Greater China","Taiwan",23951.7339039811645,9909.2899999996967
"2016 YR","Asia/Pacific","Mature Asia/Pacific","Australia",34025.0623151371500,9121.6999999990980
"2016 YR","Asia/Pacific","Mature Asia/Pacific","New Zealand",4966.5051336991690,1170.9999999994962
"2016 YR","Asia/Pacific","Mature Asia/Pacific","Singapore",10935.7075290777550,3430.1999999984950
"2016 YR","Asia/Pacific","Mature Asia/Pacific","South Korea",57037.6321514352100,17912.9999999998000
"2016 YR","EMEA","Eastern Europe","Czech Republic",9974.1412873550630,5745.1000000000980
"2016 YR","EMEA","Eastern Europe","Hungary",6139.1411932764780,3295.4999999998950
"2016 YR","EMEA","Eastern Europe","Poland",23510.0817564694200,12570.1999999998980
"2016 YR","EMEA","Eastern Europe","Rest of Eastern Europe",71739.3740043550800,42381.4999999999000
"2016 YR","EMEA","Eurasia","Rest of Eurasia",55375.5386137952941,30852.6999999991980
"2016 YR","EMEA","Eurasia","Russia",78915.7608046670100,36862.6999999999970
"2016 YR","EMEA","Middle East and North Africa","Israel",8889.0191573789180,2421.9999999995958
"2016 YR","EMEA","Middle East and North Africa","Rest of Middle East and North Africa",281173.3774155384000,82679.0000000001000
"2016 YR","EMEA","Middle East and North Africa","Saudi Arabia",47740.6205912588200,12681.3999999996980
"2016 YR","EMEA","Middle East and North Africa","Turkey",50150.6685599747900,14134.2999999996980
"2016 YR","EMEA","Sub-Saharan Africa","Rest of Sub-Saharan Africa",321752.7832178653200,99751.4999999998000
"2016 YR","EMEA","Sub-Saharan Africa","South Africa",53109.5340346135867,13954.6999999998980
"2016 YR","EMEA","Western Europe","Austria",10987.4419537024860,3180.2699999993970
"2016 YR","EMEA","Western Europe","Belgium",11818.4769078063850,3659.5799999994960
"2016 YR","EMEA","Western Europe","Denmark",8899.3957772818010,2429.1999999999968
"2016 YR","EMEA","Western Europe","Finland",7239.9685384968950,1746.1199999993970
"2016 YR","EMEA","Western Europe","France",83173.3819460496866,26069.2699999987000
"2016 YR","EMEA","Western Europe","Germany",82027.0666812483400,23889.6299999992000
"2016 YR","EMEA","Western Europe","Greece",7942.2079875321683,2470.3999999996950
"2016 YR","EMEA","Western Europe","Ireland",5807.4853004378780,1413.6999999995958
"2016 YR","EMEA","Western Europe","Italy",60563.2144221110100,19500.9499999996990
"2016 YR","EMEA","Western Europe","Netherlands",18562.2724751475700,5801.5799199998970
"2016 YR","EMEA","Western Europe","Norway",6069.1707898993003,1595.1499599999965
"2016 YR","EMEA","Western Europe","Portugal",13270.2739977686960,3907.7399999997980
"2016 YR","EMEA","Western Europe","Rest of Western Europe",3031.4426220380370,661.2599999998980
"2016 YR","EMEA","Western Europe","Spain",53840.7316655862400,15844.2319999996990
"2016 YR","EMEA","Western Europe","Sweden",11558.4618154993660,3518.9099199999970
"2016 YR","EMEA","Western Europe","Switzerland",10168.6450651384660,2691.8919279996970
"2016 YR","EMEA","Western Europe","United Kingdom",128923.3767507713596,35739.7999999962000
"2016 YR","Japan (Super Region)","Japan (Region)","Japan",115237.5806801015770,34191.8000000451990
"2017 YR","Americas","Latin America","Argentina",37549.8541837811700,9065.1591543852990
"2017 YR","Americas","Latin America","Brazil",182993.6621478565900,49796.4661044808000
"2017 YR","Americas","Latin America","Chile",24134.2891654923500,6871.4944041933960
"2017 YR","Americas","Latin America","Colombia",30771.2765677849260,8951.4572644686980
"2017 YR","Americas","Latin America","Mexico",134941.2256227294279,37581.5262805696000
"2017 YR","Americas","Latin America","Rest of Latin America",139016.9563354755900,33233.2386589909000
"2017 YR","Americas","North America","Canada",21601.9762947551870,11146.3930000457989
"2017 YR","Americas","North America","United States",352924.7067577892040,187861.6270000970000
"2017 YR","Asia/Pacific","Emerging Asia/Pacific","India",611672.9872128866500,229190.7000000015990
"2017 YR","Asia/Pacific","Emerging Asia/Pacific","Indonesia",200732.4608730889590,78253.4000000020990
"2017 YR","Asia/Pacific","Emerging Asia/Pacific","Malaysia",30063.6251691445274,9621.2999999594963
"2017 YR","Asia/Pacific","Emerging Asia/Pacific","Rest of Emerging Asia/Pacific",286992.6097031149750,132976.0999999940890
"2017 YR","Asia/Pacific","Emerging Asia/Pacific","Thailand",58756.5982312540280,22287.6000000007950
"2017 YR","Asia/Pacific","Greater China","China",1124900.2215583231600,427595.6000000011000
"2017 YR","Asia/Pacific","Greater China","Hong Kong",33205.4531008311156,9540.2030000179972
"2017 YR","Asia/Pacific","Greater China","Taiwan",23520.9105854097320,8500.7999999994968
"2017 YR","Asia/Pacific","Mature Asia/Pacific","Australia",33560.9783247128100,9529.3749999946980
"2017 YR","Asia/Pacific","Mature Asia/Pacific","New Zealand",4744.4442003326880,1187.4000000029968
"2017 YR","Asia/Pacific","Mature Asia/Pacific","Singapore",11068.2616210753250,3433.9429999984940
"2017 YR","Asia/Pacific","Mature Asia/Pacific","South Korea",55939.8821905626000,18578.8000000001980
"2017 YR","EMEA","Eastern Europe","Czech Republic",10192.2311386221910,5167.4999999999970
"2017 YR","EMEA","Eastern Europe","Hungary",5865.5806696463790,2707.4999999999944
"2017 YR","EMEA","Eastern Europe","Poland",23074.2736841893610,11149.9999999996970
"2017 YR","EMEA","Eastern Europe","Rest of Eastern Europe",72213.3327533893100,37654.9999999994000
"2017 YR","EMEA","Eurasia","Rest of Eurasia",56273.0154898131510,28346.9999999993970
"2017 YR","EMEA","Eurasia","Russia",76868.2205657874900,33795.0000000002970
"2017 YR","EMEA","Middle East and North Africa","Israel",9129.1564667183970,2478.9999999996961
"2017 YR","EMEA","Middle East and North Africa","Rest of Middle East and North Africa",287787.1063791028600,77150.4999999997000
"2017 YR","EMEA","Middle East and North Africa","Saudi Arabia",48089.0549762568000,12360.9999999997980
"2017 YR","EMEA","Middle East and North Africa","Turkey",52981.2876969275300,15472.1999999994990
"2017 YR","EMEA","Sub-Saharan Africa","Rest of Sub-Saharan Africa",338532.3840898382000,108629.9999999998997
"2017 YR","EMEA","Sub-Saharan Africa","South Africa",52073.0420525729142,13918.9999999998990
"2017 YR","EMEA","Western Europe","Austria",10337.4482193550090,2936.9999999985970
"2017 YR","EMEA","Western Europe","Belgium",12117.2644462262530,4022.0999999992980
"2017 YR","EMEA","Western Europe","Denmark",8433.6558860691784,2199.5600000000969
"2017 YR","EMEA","Western Europe","Finland",6653.6656532789540,1671.3499999999976
"2017 YR","EMEA","Western Europe","France",84998.0206386066396,27876.6099999994980
"2017 YR","EMEA","Western Europe","Germany",81889.0398420039900,25411.1189999993990
"2017 YR","EMEA","Western Europe","Greece",7906.4926581744765,2667.1999999993980
"2017 YR","EMEA","Western Europe","Ireland",5340.9570477555930,1338.0699999992975
"2017 YR","EMEA","Western Europe","Italy",62057.0265030496700,20898.3999999981990
"2017 YR","EMEA","Western Europe","Netherlands",18621.5292905879600,5740.7999999995980
"2017 YR","EMEA","Western Europe","Norway",5779.2483323294591,1578.5799999995975
"2017 YR","EMEA","Western Europe","Portugal",13504.2846182669700,4517.9099999994980
"2017 YR","EMEA","Western Europe","Rest of Western Europe",2664.0594749109751,571.0299999995971
"2017 YR","EMEA","Western Europe","Spain",54692.8031760096600,17699.7439999991990
"2017 YR","EMEA","Western Europe","Sweden",11983.1154797402502,3969.2699999997980
"2017 YR","EMEA","Western Europe","Switzerland",9685.9052342695950,2656.2459999993980
"2017 YR","EMEA","Western Europe","United Kingdom",125006.6858246775037,35577.1300000000000
"2017 YR","Japan (Super Region)","Japan (Region)","Japan",116533.3871490553600,35915.0449338530990
"2018 YR","Americas","Latin America","Argentina",37204.6467998921100,9585.5483000000000
"2018 YR","Americas","Latin America","Brazil",185278.0419924811900,51068.2829000000000
"2018 YR","Americas","Latin America","Chile",25168.9294759187200,7430.1824000000000
"2018 YR","Americas","Latin America","Colombia",32572.6498202777090,9708.5490000000000
"2018 YR","Americas","Latin America","Mexico",137952.4514190987759,38489.7925000000000
"2018 YR","Americas","Latin America","Rest of Latin America",137027.2515871970200,33657.7707000000000
"2018 YR","Americas","North America","Canada",21363.9437658625704,11093.8625000000000
"2018 YR","Americas","North America","United States",355263.6950979623100,188111.4850000000000
"2018 YR","Asia/Pacific","Emerging Asia/Pacific","India",603012.3937162723730,237116.8800000000000
"2018 YR","Asia/Pacific","Emerging Asia/Pacific","Indonesia",207341.8215122760130,82927.3700000000000
"2018 YR","Asia/Pacific","Emerging Asia/Pacific","Malaysia",30873.9176755617981,10579.7258000000000
"2018 YR","Asia/Pacific","Emerging Asia/Pacific","Rest of Emerging Asia/Pacific",316382.8606302559210,141264.2015000000000
"2018 YR","Asia/Pacific","Emerging Asia/Pacific","Thailand",61841.7464894771801,23278.8681000000000
"2018 YR","Asia/Pacific","Greater China","China",1125347.8787254615600,443022.7311000000000
"2018 YR","Asia/Pacific","Greater China","Hong Kong",29712.9668508935891,9934.8156000000000
"2018 YR","Asia/Pacific","Greater China","Taiwan",23056.9031356832237,8857.5988000000000
"2018 YR","Asia/Pacific","Mature Asia/Pacific","Australia",33417.2052886460400,9411.0566000000000
"2018 YR","Asia/Pacific","Mature Asia/Pacific","New Zealand",4631.7545312190790,1194.0518000000000
"2018 YR","Asia/Pacific","Mature Asia/Pacific","Singapore",11296.5926942163980,3384.6272000000000
"2018 YR","Asia/Pacific","Mature Asia/Pacific","South Korea",55079.3757220919000,17917.2125000000000
"2018 YR","EMEA","Eastern Europe","Czech Republic",10420.8033928299160,5142.9355000000000
"2018 YR","EMEA","Eastern Europe","Hungary",5782.1413703508740,2683.4030000000000
"2018 YR","EMEA","Eastern Europe","Poland",22492.2262728653260,10447.6683000000000
"2018 YR","EMEA","Eastern Europe","Rest of Eastern Europe",72545.9373068004800,37983.9846000000000
"2018 YR","EMEA","Eurasia","Rest of Eurasia",55447.2639983375292,29748.8682000000000
"2018 YR","EMEA","Eurasia","Russia",75499.4253591326900,35644.1930000000000
"2018 YR","EMEA","Middle East and North Africa","Israel",8996.4029531283620,2268.1517000000000
"2018 YR","EMEA","Middle East and North Africa","Rest of Middle East and North Africa",290763.3475868656900,78494.4791000000000
"2018 YR","EMEA","Middle East and North Africa","Saudi Arabia",46427.4531735514300,10957.1844000000000
"2018 YR","EMEA","Middle East and North Africa","Turkey",53766.5176599429500,14716.7053000000000
"2018 YR","EMEA","Sub-Saharan Africa","Rest of Sub-Saharan Africa",351442.9511898063700,98392.9245000000000
"2018 YR","EMEA","Sub-Saharan Africa","South Africa",51033.9765355117894,12177.7573000000000
"2018 YR","EMEA","Western Europe","Austria",9949.4040451791093,2885.0617000000000
"2018 YR","EMEA","Western Europe","Belgium",12466.5941706924360,4043.1015000000000
"2018 YR","EMEA","Western Europe","Denmark",8092.0184614439495,2121.7987000000000
"2018 YR","EMEA","Western Europe","Finland",6241.0707166634680,1603.7402000000000
"2018 YR","EMEA","Western Europe","France",85866.6583200236865,27175.6090000000000
"2018 YR","EMEA","Western Europe","Germany",81463.8423475584600,24758.0851000000000
"2018 YR","EMEA","Western Europe","Greece",8129.3256660122604,2884.6895000000000
"2018 YR","EMEA","Western Europe","Ireland",5020.2227061218860,1303.5675000000000
"2018 YR","EMEA","Western Europe","Italy",63144.7214316653200,20787.6864000000000
"2018 YR","EMEA","Western Europe","Netherlands",18734.7513860504350,5669.5582000000000
"2018 YR","EMEA","Western Europe","Norway",5593.9858999518677,1532.0407000000000
"2018 YR","EMEA","Western Europe","Portugal",13822.3236906737200,4754.0727000000000
"2018 YR","EMEA","Western Europe","Rest of Western Europe",2409.1107728437550,548.4730000000000
"2018 YR","EMEA","Western Europe","Spain",55465.7232888192900,17860.4029000000000
"2018 YR","EMEA","Western Europe","Sweden",12231.7553318088371,3847.0508000000000
"2018 YR","EMEA","Western Europe","Switzerland",9363.4507799663340,2580.7206000000000
"2018 YR","EMEA","Western Europe","United Kingdom",121131.5533607075507,33804.5517000000000
"2018 YR","Japan (Super Region)","Japan (Region)","Japan",116972.0753726311300,35576.9148000000000
"2019 YR","Americas","Latin America","Argentina",37150.0896775553200,9968.2722000000000
"2019 YR","Americas","Latin America","Brazil",187142.2346289527600,52240.3725000000000
"2019 YR","Americas","Latin America","Chile",26237.5369315159700,7852.1599000000000
"2019 YR","Americas","Latin America","Colombia",34330.3516957215570,10311.5352000000000
"2019 YR","Americas","Latin America","Mexico",140261.4806886239814,39267.2561000000000
"2019 YR","Americas","Latin America","Rest of Latin America",135357.0505118819200,34286.7046000000000
"2019 YR","Americas","North America","Canada",21528.7905858891522,11375.1622000000000
"2019 YR","Americas","North America","United States",356796.0069804650195,188208.8874000000000
"2019 YR","Asia/Pacific","Emerging Asia/Pacific","India",603977.8771377933990,239724.8389000000000
"2019 YR","Asia/Pacific","Emerging Asia/Pacific","Indonesia",214469.0390703719780,85615.2982000000000
"2019 YR","Asia/Pacific","Emerging Asia/Pacific","Malaysia",31239.6069928711298,10622.9739000000000
"2019 YR","Asia/Pacific","Emerging Asia/Pacific","Rest of Emerging Asia/Pacific",340693.0868265703540,147650.0432000000000
"2019 YR","Asia/Pacific","Emerging Asia/Pacific","Thailand",63622.3330422133286,23243.1196000000000
"2019 YR","Asia/Pacific","Greater China","China",1132006.7360118907200,443099.4663000000000
"2019 YR","Asia/Pacific","Greater China","Hong Kong",27448.9224988620037,9766.4326000000000
"2019 YR","Asia/Pacific","Greater China","Taiwan",22675.8499445094917,8717.5821000000000
"2019 YR","Asia/Pacific","Mature Asia/Pacific","Australia",33215.0565771500400,9258.1091000000000
"2019 YR","Asia/Pacific","Mature Asia/Pacific","New Zealand",4536.8783239524520,1174.8776000000000
"2019 YR","Asia/Pacific","Mature Asia/Pacific","Singapore",11494.6084482432800,3350.9863000000000
"2019 YR","Asia/Pacific","Mature Asia/Pacific","South Korea",54162.6945075265100,17558.7825000000000
"2019 YR","EMEA","Eastern Europe","Czech Republic",10597.3828306524620,5199.5938000000000
"2019 YR","EMEA","Eastern Europe","Hungary",5644.7148654950870,2618.3273000000000
"2019 YR","EMEA","Eastern Europe","Poland",22803.5512494596430,10780.4355000000000
"2019 YR","EMEA","Eastern Europe","Rest of Eastern Europe",72211.7762417202100,37644.6300000000000
"2019 YR","EMEA","Eurasia","Rest of Eurasia",55376.3866017383854,28400.7432000000000
"2019 YR","EMEA","Eurasia","Russia",75325.5322491023100,34057.1194000000000
"2019 YR","EMEA","Middle East and North Africa","Israel",8930.6213263154950,2425.0702000000000
"2019 YR","EMEA","Middle East and North Africa","Rest of Middle East and North Africa",291451.1502947746700,81223.6798000000000
"2019 YR","EMEA","Middle East and North Africa","Saudi Arabia",43768.0213010659700,10181.7725000000000
"2019 YR","EMEA","Middle East and North Africa","Turkey",54874.6934092096900,15980.3336000000000
"2019 YR","EMEA","Sub-Saharan Africa","Rest of Sub-Saharan Africa",355382.0393234027100,104690.1545000000000
"2019 YR","EMEA","Sub-Saharan Africa","South Africa",51136.5697925083536,14730.5906000000000
"2019 YR","EMEA","Western Europe","Austria",9920.8677663177713,3072.6157000000000
"2019 YR","EMEA","Western Europe","Belgium",12684.5090742628840,4017.5054000000000
"2019 YR","EMEA","Western Europe","Denmark",7995.7902073718870,2262.1735000000000
"2019 YR","EMEA","Western Europe","Finland",6054.3056796444540,1685.1294000000000
"2019 YR","EMEA","Western Europe","France",85943.4153912186151,26403.4311000000000
"2019 YR","EMEA","Western Europe","Germany",80501.1318115753300,23856.5449000000000
"2019 YR","EMEA","Western Europe","Greece",8276.0901675202086,2928.9685000000000
"2019 YR","EMEA","Western Europe","Ireland",4791.9963230610280,1284.7152000000000
"2019 YR","EMEA","Western Europe","Italy",64718.7728796723900,21329.3615000000000
"2019 YR","EMEA","Western Europe","Netherlands",18745.0622287267150,5594.6069000000000
"2019 YR","EMEA","Western Europe","Norway",5419.0448550654050,1480.0434000000000
"2019 YR","EMEA","Western Europe","Portugal",14055.8019560999650,4805.7497000000000
"2019 YR","EMEA","Western Europe","Rest of Western Europe",2229.6650196130311,535.2382000000000
"2019 YR","EMEA","Western Europe","Spain",56048.2722932873400,17768.9761000000000
"2019 YR","EMEA","Western Europe","Sweden",12361.6488964171544,3749.9540000000000
"2019 YR","EMEA","Western Europe","Switzerland",9142.7944221048210,2566.1316000000000
"2019 YR","EMEA","Western Europe","United Kingdom",117521.7154508781648,32544.8795000000000
"2019 YR","Japan (Super Region)","Japan (Region)","Japan",115489.5103003105300,35201.2353000000000
"2020 YR","Americas","Latin America","Argentina",37166.3655172020600,10301.3752000000000
"2020 YR","Americas","Latin America","Brazil",188776.9420414460400,53896.4069000000000
"2020 YR","Americas","Latin America","Chile",27301.9088431652900,8320.0633000000000
"2020 YR","Americas","Latin America","Colombia",35985.9586982220310,10948.0634000000000
"2020 YR","Americas","Latin America","Mexico",142097.8402032069075,40452.1666000000000
"2020 YR","Americas","Latin America","Rest of Latin America",134041.8247227792200,35284.6076000000000
"2020 YR","Americas","North America","Canada",21542.9423861246867,11399.1652000000000
"2020 YR","Americas","North America","United States",358238.8495199780607,190412.6272000000000
"2020 YR","Asia/Pacific","Emerging Asia/Pacific","India",608974.2584630829390,241770.4542000000000
"2020 YR","Asia/Pacific","Emerging Asia/Pacific","Indonesia",221763.8495347082890,88634.9068000000000
"2020 YR","Asia/Pacific","Emerging Asia/Pacific","Malaysia",31835.6366868541577,11281.9434000000000
"2020 YR","Asia/Pacific","Emerging Asia/Pacific","Rest of Emerging Asia/Pacific",361764.0280125737180,153662.2295000000000
"2020 YR","Asia/Pacific","Emerging Asia/Pacific","Thailand",64807.2336984910404,23663.6203000000000
"2020 YR","Asia/Pacific","Greater China","China",1135435.5990570724800,437910.1974000000000
"2020 YR","Asia/Pacific","Greater China","Hong Kong",25945.5729600273719,9668.3484000000000
"2020 YR","Asia/Pacific","Greater China","Taiwan",22334.4818034896749,8581.6342000000000
"2020 YR","Asia/Pacific","Mature Asia/Pacific","Australia",33078.0357204295400,9319.9280000000000
"2020 YR","Asia/Pacific","Mature Asia/Pacific","New Zealand",4465.9675105214560,1182.7570000000000
"2020 YR","Asia/Pacific","Mature Asia/Pacific","Singapore",11695.9559498688300,3383.4495000000000
"2020 YR","Asia/Pacific","Mature Asia/Pacific","South Korea",53423.4917507042700,17635.8628000000000
"2020 YR","EMEA","Eastern Europe","Czech Republic",10610.2086374708110,5016.8926000000000
"2020 YR","EMEA","Eastern Europe","Hungary",5604.5109120036940,2541.9631000000000
"2020 YR","EMEA","Eastern Europe","Poland",22001.7790395780100,10159.4819000000000
"2020 YR","EMEA","Eastern Europe","Rest of Eastern Europe",72772.9326775040800,36518.3623000000000
"2020 YR","EMEA","Eurasia","Rest of Eurasia",55114.9385427512148,27996.2295000000000
"2020 YR","EMEA","Eurasia","Russia",75466.4907002055300,33707.7221000000000
"2020 YR","EMEA","Middle East and North Africa","Israel",8808.7395087776300,2309.8249000000000
"2020 YR","EMEA","Middle East and North Africa","Rest of Middle East and North Africa",290797.7108992395700,77977.6296000000000
"2020 YR","EMEA","Middle East and North Africa","Saudi Arabia",40910.8652792793900,9030.2224000000000
"2020 YR","EMEA","Middle East and North Africa","Turkey",55606.0805470149400,15656.8416000000000
"2020 YR","EMEA","Sub-Saharan Africa","Rest of Sub-Saharan Africa",360828.2077536473990,105482.8076000000000
"2020 YR","EMEA","Sub-Saharan Africa","South Africa",48543.9320449636574,11859.0648000000000
"2020 YR","EMEA","Western Europe","Austria",9838.5882434358327,2996.5891000000000
"2020 YR","EMEA","Western Europe","Belgium",12715.0619169144540,3863.6760000000000
"2020 YR","EMEA","Western Europe","Denmark",7917.7467339431251,2276.9497000000000
"2020 YR","EMEA","Western Europe","Finland",5872.6920574766870,1645.0912000000000
"2020 YR","EMEA","Western Europe","France",85648.0948833411872,25949.0430000000000
"2020 YR","EMEA","Western Europe","Germany",79321.0773561104400,23315.3395000000000
"2020 YR","EMEA","Western Europe","Greece",8383.7383113070215,2885.8102000000000
"2020 YR","EMEA","Western Europe","Ireland",4597.1085020206270,1259.2425000000000
"2020 YR","EMEA","Western Europe","Italy",65615.0850831962400,20990.5264000000000
"2020 YR","EMEA","Western Europe","Netherlands",18652.4395235465740,5517.3419000000000
"2020 YR","EMEA","Western Europe","Norway",5251.2419413485168,1454.0708000000000
"2020 YR","EMEA","Western Europe","Portugal",14448.6562207608300,4924.1851000000000
"2020 YR","EMEA","Western Europe","Rest of Western Europe",2098.0103835398587,533.9170000000000
"2020 YR","EMEA","Western Europe","Spain",56524.0386774788200,17730.7772000000000
"2020 YR","EMEA","Western Europe","Sweden",12403.1763602384143,3733.5832000000000
"2020 YR","EMEA","Western Europe","Switzerland",8929.2962027191100,2533.1410000000000
"2020 YR","EMEA","Western Europe","United Kingdom",114252.5695852578267,31975.3167000000000
"2020 YR","Japan (Super Region)","Japan (Region)","Japan",113762.6426593695400,34689.6905000000000
"2021 YR","Americas","Latin America","Argentina",37102.5179071007700,10344.0128000000000
"2021 YR","Americas","Latin America","Brazil",189639.5092945595300,54194.0567000000000
"2021 YR","Americas","Latin America","Chile",28329.6806797965940,8662.4595000000000
"2021 YR","Americas","Latin America","Colombia",37357.6100026529550,11246.8493000000000
"2021 YR","Americas","Latin America","Mexico",143174.2546924183217,40607.0956000000000
"2021 YR","Americas","Latin America","Rest of Latin America",132628.1684478448900,35331.9399000000000
"2021 YR","Americas","North America","Canada",21662.5785895021726,11522.6798000000000
"2021 YR","Americas","North America","United States",358467.5388041751181,189973.1653000000000
"2021 YR","Asia/Pacific","Emerging Asia/Pacific","India",616455.8903936883371,246225.7988000000000
"2021 YR","Asia/Pacific","Emerging Asia/Pacific","Indonesia",229183.8729295709038,92015.5067000000000
"2021 YR","Asia/Pacific","Emerging Asia/Pacific","Malaysia",32211.1829935563401,11440.8668000000000
"2021 YR","Asia/Pacific","Emerging Asia/Pacific","Rest of Emerging Asia/Pacific",381462.0867934212394,161085.1458000000000
"2021 YR","Asia/Pacific","Emerging Asia/Pacific","Thailand",65563.1516805501434,23890.2009000000000
"2021 YR","Asia/Pacific","Greater China","China",1137244.5503702216600,451300.9973000000000
"2021 YR","Asia/Pacific","Greater China","Hong Kong",25107.0635310357737,10066.8631000000000
"2021 YR","Asia/Pacific","Greater China","Taiwan",22097.7993348076679,8840.6747000000000
"2021 YR","Asia/Pacific","Mature Asia/Pacific","Australia",32948.2970542240500,9449.7841000000000
"2021 YR","Asia/Pacific","Mature Asia/Pacific","New Zealand",4409.7787267646340,1198.1203000000000
"2021 YR","Asia/Pacific","Mature Asia/Pacific","Singapore",11878.3126103247090,3437.2127000000000
"2021 YR","Asia/Pacific","Mature Asia/Pacific","South Korea",52730.8974178123300,17958.2061000000000
"2021 YR","EMEA","Eastern Europe","Czech Republic",10726.0244633310730,4873.6923000000000
"2021 YR","EMEA","Eastern Europe","Hungary",5631.9597350717830,2478.6290000000000
"2021 YR","EMEA","Eastern Europe","Poland",22472.2375883175270,9917.7093000000000
"2021 YR","EMEA","Eastern Europe","Rest of Eastern Europe",72111.8759819514000,34873.1184000000000
"2021 YR","EMEA","Eurasia","Rest of Eurasia",54298.5583504553354,27294.9407000000000
"2021 YR","EMEA","Eurasia","Russia",74912.7658382201600,32858.3630000000000
"2021 YR","EMEA","Middle East and North Africa","Israel",8759.4507436323380,2385.3590000000000
"2021 YR","EMEA","Middle East and North Africa","Rest of Middle East and North Africa",287701.9775084529100,76116.9143000000000
"2021 YR","EMEA","Middle East and North Africa","Saudi Arabia",38714.1564004744900,9072.6554000000000
"2021 YR","EMEA","Middle East and North Africa","Turkey",56224.4705186446200,15957.4403000000000
"2021 YR","EMEA","Sub-Saharan Africa","Rest of Sub-Saharan Africa",365131.6827344412810,105025.0597000000000
"2021 YR","EMEA","Sub-Saharan Africa","South Africa",47003.7790145045006,12088.1183000000000
"2021 YR","EMEA","Western Europe","Austria",9757.8308454635654,3014.4319000000000
"2021 YR","EMEA","Western Europe","Belgium",12687.0589307922120,3886.7826000000000
"2021 YR","EMEA","Western Europe","Denmark",7884.1190641930248,2366.9625000000000
"2021 YR","EMEA","Western Europe","Finland",5722.0994269644200,1662.1787000000000
"2021 YR","EMEA","Western Europe","France",84802.7897169095843,25709.0436000000000
"2021 YR","EMEA","Western Europe","Germany",77998.4347044120000,23266.4746000000000
"2021 YR","EMEA","Western Europe","Greece",8521.3149141902493,2955.9635000000000
"2021 YR","EMEA","Western Europe","Ireland",4460.8954758038458,1288.0794000000000
"2021 YR","EMEA","Western Europe","Italy",66365.7297334331900,21339.1452000000000
"2021 YR","EMEA","Western Europe","Netherlands",18502.2512264241140,5577.7419000000000
"2021 YR","EMEA","Western Europe","Norway",5103.5878911871046,1465.0759000000000
"2021 YR","EMEA","Western Europe","Portugal",14735.4320886037700,5034.6859000000000
"2021 YR","EMEA","Western Europe","Rest of Western Europe",1993.1612167859570,534.0459000000000
"2021 YR","EMEA","Western Europe","Spain",56794.3847406961500,17909.1977000000000
"2021 YR","EMEA","Western Europe","Sweden",12382.1079014294105,3786.3472000000000
"2021 YR","EMEA","Western Europe","Switzerland",8723.4677278452620,2551.2076000000000
"2021 YR","EMEA","Western Europe","United Kingdom",111580.2022888377861,32280.2326000000000
"2021 YR","Japan (Super Region)","Japan (Region)","Japan",112615.4691517130200,34503.8490000000000
"2022 YR","Americas","Latin America","Argentina",37200.2046305426000,10570.8511000000000
"2022 YR","Americas","Latin America","Brazil",190857.7954710515900,55243.2078000000000
"2022 YR","Americas","Latin America","Chile",29546.6459100162340,9220.2944000000000
"2022 YR","Americas","Latin America","Colombia",38710.4545675044230,11726.0185000000000
"2022 YR","Americas","Latin America","Mexico",144507.0251458205024,41448.6467000000000
"2022 YR","Americas","Latin America","Rest of Latin America",131972.1719748464400,36049.1761000000000
"2022 YR","Americas","North America","Canada",21737.2345344669197,11603.8036000000000
"2022 YR","Americas","North America","United States",358302.4103332715622,190625.3984000000000
"2022 YR","Asia/Pacific","Emerging Asia/Pacific","India",622840.3168393698721,246174.2992000000000
"2022 YR","Asia/Pacific","Emerging Asia/Pacific","Indonesia",235953.4023724427565,93797.6631000000000
"2022 YR","Asia/Pacific","Emerging Asia/Pacific","Malaysia",32754.9122581564957,11716.5204000000000
"2022 YR","Asia/Pacific","Emerging Asia/Pacific","Rest of Emerging Asia/Pacific",398607.3197297778683,165454.1317000000000
"2022 YR","Asia/Pacific","Emerging Asia/Pacific","Thailand",65776.3869110029420,23506.4625000000000
"2022 YR","Asia/Pacific","Greater China","China",1144147.1711178874400,466689.1111000000000
"2022 YR","Asia/Pacific","Greater China","Hong Kong",24832.4930172209641,10414.4396000000000
"2022 YR","Asia/Pacific","Greater China","Taiwan",22020.3866554419226,9071.3622000000000
"2022 YR","Asia/Pacific","Mature Asia/Pacific","Australia",32996.1329906130200,9723.7476000000000
"2022 YR","Asia/Pacific","Mature Asia/Pacific","New Zealand",4380.1583969367920,1230.5651000000000
"2022 YR","Asia/Pacific","Mature Asia/Pacific","Singapore",12088.9275897494840,3532.9192000000000
"2022 YR","Asia/Pacific","Mature Asia/Pacific","South Korea",52827.3395137195100,18681.9146000000000
"2022 YR","EMEA","Eastern Europe","Czech Republic",10761.8259842053090,4958.4219000000000
"2022 YR","EMEA","Eastern Europe","Hungary",5621.7710260378350,2518.2247000000000
"2022 YR","EMEA","Eastern Europe","Poland",22104.6773870164580,10064.6090000000000
"2022 YR","EMEA","Eastern Europe","Rest of Eastern Europe",72388.8187393041800,34533.7158000000000
"2022 YR","EMEA","Eurasia","Rest of Eurasia",53091.9939532168909,26452.5011000000000
"2022 YR","EMEA","Eurasia","Russia",73827.2417515848000,31940.4658000000000
"2022 YR","EMEA","Middle East and North Africa","Israel",8761.8834026737500,2462.6593000000000
"2022 YR","EMEA","Middle East and North Africa","Rest of Middle East and North Africa",283089.0318233523200,74378.1530000000000
"2022 YR","EMEA","Middle East and North Africa","Saudi Arabia",37026.0461838171600,9109.4133000000000
"2022 YR","EMEA","Middle East and North Africa","Turkey",56748.6076252453620,16268.2068000000000
"2022 YR","EMEA","Sub-Saharan Africa","Rest of Sub-Saharan Africa",365504.1989247298360,104755.9030000000000
"2022 YR","EMEA","Sub-Saharan Africa","South Africa",45695.8765026282175,12256.1241000000000
"2022 YR","EMEA","Western Europe","Austria",9681.8374097953509,2993.6845000000000
"2022 YR","EMEA","Western Europe","Belgium",12602.0347277057260,3841.6499000000000
"2022 YR","EMEA","Western Europe","Denmark",7864.4185363429721,2398.8556000000000
"2022 YR","EMEA","Western Europe","Finland",5591.5144200970577,1646.3813000000000
"2022 YR","EMEA","Western Europe","France",83661.4360474303273,25165.6738000000000
"2022 YR","EMEA","Western Europe","Germany",76610.6046663689300,22865.2509000000000
"2022 YR","EMEA","Western Europe","Greece",8685.3595143898181,3012.2636000000000
"2022 YR","EMEA","Western Europe","Ireland",4372.3172190729585,1298.4012000000000
"2022 YR","EMEA","Western Europe","Italy",67023.4444540745600,21465.4884000000000
"2022 YR","EMEA","Western Europe","Netherlands",18327.1503719836400,5541.3918000000000
"2022 YR","EMEA","Western Europe","Norway",4970.5477372938208,1447.1395000000000
"2022 YR","EMEA","Western Europe","Portugal",15000.9071751727070,5089.8314000000000
"2022 YR","EMEA","Western Europe","Rest of Western Europe",1908.6445109777886,526.1792000000000
"2022 YR","EMEA","Western Europe","Spain",57061.0646537780400,17951.1326000000000
"2022 YR","EMEA","Western Europe","Sweden",12293.0570639930437,3746.7564000000000
"2022 YR","EMEA","Western Europe","Switzerland",8517.0722803383500,2509.3876000000000
"2022 YR","EMEA","Western Europe","United Kingdom",109257.6366262320265,32027.8989000000000
"2022 YR","Japan (Super Region)","Japan (Region)","Japan",111592.0710719798000,34236.0922000000000
