"ScenarioName","Region","Country","Year","Segment2",End User Spending ($M) - USD,Revenue ($M) - USD
"WIP2","Asia/Pacific","Australia","2015 YR","Enterprise LAN Equipment",276.429526000000,243.413907000000
"WIP2","Asia/Pacific","Australia","2015 YR","Enterprise WAN Equipment",158.678555000000,137.140697000000
"WIP2","Asia/Pacific","Australia","2016 YR","Enterprise LAN Equipment",310.445031000000,273.158400000000
"WIP2","Asia/Pacific","Australia","2016 YR","Enterprise WAN Equipment",178.803874000000,154.638313000000
"WIP2","Asia/Pacific","Australia","2017 YR","Enterprise LAN Equipment",376.747532000000,331.865582000000
"WIP2","Asia/Pacific","Australia","2017 YR","Enterprise WAN Equipment",217.179598000000,188.307956000000
"WIP2","Asia/Pacific","Australia","2018 YR","Enterprise LAN Equipment",393.521937000000,347.263738000000
"WIP2","Asia/Pacific","Australia","2018 YR","Enterprise WAN Equipment",236.797505000000,205.472556000000
"WIP2","Asia/Pacific","Australia","2019 YR","Enterprise LAN Equipment",422.545658000000,373.374191000000
"WIP2","Asia/Pacific","Australia","2019 YR","Enterprise WAN Equipment",238.686173000000,207.309319000000
"WIP2","Asia/Pacific","Australia","2020 YR","Enterprise LAN Equipment",431.797795000000,381.774029000000
"WIP2","Asia/Pacific","Australia","2020 YR","Enterprise WAN Equipment",235.457646000000,205.105333000000
"WIP2","Asia/Pacific","Australia","2021 YR","Enterprise LAN Equipment",430.521918000000,381.196502000000
"WIP2","Asia/Pacific","Australia","2021 YR","Enterprise WAN Equipment",231.817536000000,201.956671000000
"WIP2","Asia/Pacific","Australia","2022 YR","Enterprise LAN Equipment",421.354290000000,373.220217000000
"WIP2","Asia/Pacific","Australia","2022 YR","Enterprise WAN Equipment",227.953223000000,198.457329000000
"WIP2","Asia/Pacific","China","2015 YR","Enterprise LAN Equipment",3400.151512000000,2994.051232000000
"WIP2","Asia/Pacific","China","2015 YR","Enterprise WAN Equipment",1159.404081000000,1002.035118000000
"WIP2","Asia/Pacific","China","2016 YR","Enterprise LAN Equipment",3791.990778000000,3336.546025000000
"WIP2","Asia/Pacific","China","2016 YR","Enterprise WAN Equipment",1299.342606000000,1123.734867000000
"WIP2","Asia/Pacific","China","2017 YR","Enterprise LAN Equipment",4497.398957000000,3961.623622000000
"WIP2","Asia/Pacific","China","2017 YR","Enterprise WAN Equipment",1588.344216000000,1377.191299000000
"WIP2","Asia/Pacific","China","2018 YR","Enterprise LAN Equipment",4996.040995000000,4408.760244000000
"WIP2","Asia/Pacific","China","2018 YR","Enterprise WAN Equipment",1884.073825000000,1634.837602000000
"WIP2","Asia/Pacific","China","2019 YR","Enterprise LAN Equipment",5459.455841000000,4824.141179000000
"WIP2","Asia/Pacific","China","2019 YR","Enterprise WAN Equipment",1917.355049000000,1665.306219000000
"WIP2","Asia/Pacific","China","2020 YR","Enterprise LAN Equipment",5611.483030000000,4961.392825000000
"WIP2","Asia/Pacific","China","2020 YR","Enterprise WAN Equipment",1915.262258000000,1668.370132000000
"WIP2","Asia/Pacific","China","2021 YR","Enterprise LAN Equipment",5610.458691000000,4967.661667000000
"WIP2","Asia/Pacific","China","2021 YR","Enterprise WAN Equipment",1903.549843000000,1658.349911000000
"WIP2","Asia/Pacific","China","2022 YR","Enterprise LAN Equipment",5531.377345000000,4899.491711000000
"WIP2","Asia/Pacific","China","2022 YR","Enterprise WAN Equipment",1874.917968000000,1632.313893000000
"WIP2","Asia/Pacific","Hong Kong","2015 YR","Enterprise LAN Equipment",82.269590000000,72.443644000000
"WIP2","Asia/Pacific","Hong Kong","2015 YR","Enterprise WAN Equipment",69.722842000000,60.259178000000
"WIP2","Asia/Pacific","Hong Kong","2016 YR","Enterprise LAN Equipment",89.413047000000,78.673912000000
"WIP2","Asia/Pacific","Hong Kong","2016 YR","Enterprise WAN Equipment",79.283308000000,68.568073000000
"WIP2","Asia/Pacific","Hong Kong","2017 YR","Enterprise LAN Equipment",105.987295000000,93.361024000000
"WIP2","Asia/Pacific","Hong Kong","2017 YR","Enterprise WAN Equipment",97.225858000000,84.300748000000
"WIP2","Asia/Pacific","Hong Kong","2018 YR","Enterprise LAN Equipment",109.399244000000,96.539447000000
"WIP2","Asia/Pacific","Hong Kong","2018 YR","Enterprise WAN Equipment",113.340053000000,98.346773000000
"WIP2","Asia/Pacific","Hong Kong","2019 YR","Enterprise LAN Equipment",118.783942000000,104.961103000000
"WIP2","Asia/Pacific","Hong Kong","2019 YR","Enterprise WAN Equipment",114.886506000000,99.783926000000
"WIP2","Asia/Pacific","Hong Kong","2020 YR","Enterprise LAN Equipment",121.793083000000,107.683356000000
"WIP2","Asia/Pacific","Hong Kong","2020 YR","Enterprise WAN Equipment",114.024186000000,99.325586000000
"WIP2","Asia/Pacific","Hong Kong","2021 YR","Enterprise LAN Equipment",121.755462000000,107.805792000000
"WIP2","Asia/Pacific","Hong Kong","2021 YR","Enterprise WAN Equipment",113.276538000000,98.685168000000
"WIP2","Asia/Pacific","Hong Kong","2022 YR","Enterprise LAN Equipment",119.584238000000,105.923344000000
"WIP2","Asia/Pacific","Hong Kong","2022 YR","Enterprise WAN Equipment",111.542300000000,97.109339000000
"WIP2","Asia/Pacific","India","2015 YR","Enterprise LAN Equipment",694.332168000000,611.403955000000
"WIP2","Asia/Pacific","India","2015 YR","Enterprise WAN Equipment",260.070327000000,224.770298000000
"WIP2","Asia/Pacific","India","2016 YR","Enterprise LAN Equipment",781.315510000000,687.474024000000
"WIP2","Asia/Pacific","India","2016 YR","Enterprise WAN Equipment",294.502754000000,254.700348000000
"WIP2","Asia/Pacific","India","2017 YR","Enterprise LAN Equipment",949.185811000000,836.109264000000
"WIP2","Asia/Pacific","India","2017 YR","Enterprise WAN Equipment",367.980887000000,319.061870000000
"WIP2","Asia/Pacific","India","2018 YR","Enterprise LAN Equipment",997.610608000000,880.342254000000
"WIP2","Asia/Pacific","India","2018 YR","Enterprise WAN Equipment",427.749593000000,371.164394000000
"WIP2","Asia/Pacific","India","2019 YR","Enterprise LAN Equipment",1134.894431000000,1002.827226000000
"WIP2","Asia/Pacific","India","2019 YR","Enterprise WAN Equipment",436.602345000000,379.208118000000
"WIP2","Asia/Pacific","India","2020 YR","Enterprise LAN Equipment",1176.026883000000,1039.784191000000
"WIP2","Asia/Pacific","India","2020 YR","Enterprise WAN Equipment",437.288739000000,380.918837000000
"WIP2","Asia/Pacific","India","2021 YR","Enterprise LAN Equipment",1178.164968000000,1043.181185000000
"WIP2","Asia/Pacific","India","2021 YR","Enterprise WAN Equipment",435.356185000000,379.277114000000
"WIP2","Asia/Pacific","India","2022 YR","Enterprise LAN Equipment",1162.889535000000,1030.045010000000
"WIP2","Asia/Pacific","India","2022 YR","Enterprise WAN Equipment",429.063913000000,373.545402000000
"WIP2","Asia/Pacific","Korea","2015 YR","Enterprise LAN Equipment",209.477666000000,184.458505000000
"WIP2","Asia/Pacific","Korea","2015 YR","Enterprise WAN Equipment",142.569206000000,123.217913000000
"WIP2","Asia/Pacific","Korea","2016 YR","Enterprise LAN Equipment",237.376509000000,208.865921000000
"WIP2","Asia/Pacific","Korea","2016 YR","Enterprise WAN Equipment",158.630482000000,137.191379000000
"WIP2","Asia/Pacific","Korea","2017 YR","Enterprise LAN Equipment",289.537984000000,255.045311000000
"WIP2","Asia/Pacific","Korea","2017 YR","Enterprise WAN Equipment",192.390598000000,166.814381000000
"WIP2","Asia/Pacific","Korea","2018 YR","Enterprise LAN Equipment",316.126133000000,278.965751000000
"WIP2","Asia/Pacific","Korea","2018 YR","Enterprise WAN Equipment",221.938332000000,192.579041000000
"WIP2","Asia/Pacific","Korea","2019 YR","Enterprise LAN Equipment",334.827978000000,295.864182000000
"WIP2","Asia/Pacific","Korea","2019 YR","Enterprise WAN Equipment",224.348771000000,194.856661000000
"WIP2","Asia/Pacific","Korea","2020 YR","Enterprise LAN Equipment",348.318759000000,307.966037000000
"WIP2","Asia/Pacific","Korea","2020 YR","Enterprise WAN Equipment",221.133790000000,192.627933000000
"WIP2","Asia/Pacific","Korea","2021 YR","Enterprise LAN Equipment",347.462442000000,307.653251000000
"WIP2","Asia/Pacific","Korea","2021 YR","Enterprise WAN Equipment",219.220171000000,190.981998000000
"WIP2","Asia/Pacific","Korea","2022 YR","Enterprise LAN Equipment",341.242470000000,302.260097000000
"WIP2","Asia/Pacific","Korea","2022 YR","Enterprise WAN Equipment",215.476609000000,187.595121000000
"WIP2","Asia/Pacific","Malaysia","2015 YR","Enterprise LAN Equipment",110.145050000000,96.989773000000
"WIP2","Asia/Pacific","Malaysia","2015 YR","Enterprise WAN Equipment",54.485960000000,47.090438000000
"WIP2","Asia/Pacific","Malaysia","2016 YR","Enterprise LAN Equipment",118.715730000000,104.457136000000
"WIP2","Asia/Pacific","Malaysia","2016 YR","Enterprise WAN Equipment",58.975900000000,51.005235000000
"WIP2","Asia/Pacific","Malaysia","2017 YR","Enterprise LAN Equipment",135.057697000000,118.968268000000
"WIP2","Asia/Pacific","Malaysia","2017 YR","Enterprise WAN Equipment",71.232869000000,61.763241000000
"WIP2","Asia/Pacific","Malaysia","2018 YR","Enterprise LAN Equipment",154.278332000000,136.143034000000
"WIP2","Asia/Pacific","Malaysia","2018 YR","Enterprise WAN Equipment",86.736804000000,75.262756000000
"WIP2","Asia/Pacific","Malaysia","2019 YR","Enterprise LAN Equipment",161.885141000000,143.046633000000
"WIP2","Asia/Pacific","Malaysia","2019 YR","Enterprise WAN Equipment",87.565747000000,76.054658000000
"WIP2","Asia/Pacific","Malaysia","2020 YR","Enterprise LAN Equipment",163.179234000000,144.274923000000
"WIP2","Asia/Pacific","Malaysia","2020 YR","Enterprise WAN Equipment",86.982385000000,75.769683000000
"WIP2","Asia/Pacific","Malaysia","2021 YR","Enterprise LAN Equipment",164.134764000000,145.329646000000
"WIP2","Asia/Pacific","Malaysia","2021 YR","Enterprise WAN Equipment",85.874801000000,74.813102000000
"WIP2","Asia/Pacific","Malaysia","2022 YR","Enterprise LAN Equipment",162.664014000000,144.081834000000
"WIP2","Asia/Pacific","Malaysia","2022 YR","Enterprise WAN Equipment",84.172042000000,73.280642000000
"WIP2","Asia/Pacific","New Zealand","2015 YR","Enterprise LAN Equipment",31.187338000000,27.462449000000
"WIP2","Asia/Pacific","New Zealand","2015 YR","Enterprise WAN Equipment",32.075024000000,27.721397000000
"WIP2","Asia/Pacific","New Zealand","2016 YR","Enterprise LAN Equipment",35.241381000000,31.008644000000
"WIP2","Asia/Pacific","New Zealand","2016 YR","Enterprise WAN Equipment",36.518486000000,31.582968000000
"WIP2","Asia/Pacific","New Zealand","2017 YR","Enterprise LAN Equipment",43.114159000000,37.977967000000
"WIP2","Asia/Pacific","New Zealand","2017 YR","Enterprise WAN Equipment",43.224501000000,37.478279000000
"WIP2","Asia/Pacific","New Zealand","2018 YR","Enterprise LAN Equipment",45.641808000000,40.276649000000
"WIP2","Asia/Pacific","New Zealand","2018 YR","Enterprise WAN Equipment",48.449646000000,42.040446000000
"WIP2","Asia/Pacific","New Zealand","2019 YR","Enterprise LAN Equipment",48.558969000000,42.908182000000
"WIP2","Asia/Pacific","New Zealand","2019 YR","Enterprise WAN Equipment",49.021501000000,42.577305000000
"WIP2","Asia/Pacific","New Zealand","2020 YR","Enterprise LAN Equipment",51.037289000000,45.124620000000
"WIP2","Asia/Pacific","New Zealand","2020 YR","Enterprise WAN Equipment",48.488683000000,42.238116000000
"WIP2","Asia/Pacific","New Zealand","2021 YR","Enterprise LAN Equipment",50.643406000000,44.841130000000
"WIP2","Asia/Pacific","New Zealand","2021 YR","Enterprise WAN Equipment",47.564772000000,41.437861000000
"WIP2","Asia/Pacific","New Zealand","2022 YR","Enterprise LAN Equipment",49.463490000000,43.812950000000
"WIP2","Asia/Pacific","New Zealand","2022 YR","Enterprise WAN Equipment",47.043225000000,40.956090000000
"WIP2","Asia/Pacific","Rest of Asia/Pacific","2015 YR","Enterprise LAN Equipment",504.213067000000,443.991907000000
"WIP2","Asia/Pacific","Rest of Asia/Pacific","2015 YR","Enterprise WAN Equipment",233.457213000000,201.769452000000
"WIP2","Asia/Pacific","Rest of Asia/Pacific","2016 YR","Enterprise LAN Equipment",582.135760000000,512.217162000000
"WIP2","Asia/Pacific","Rest of Asia/Pacific","2016 YR","Enterprise WAN Equipment",279.574781000000,241.789909000000
"WIP2","Asia/Pacific","Rest of Asia/Pacific","2017 YR","Enterprise LAN Equipment",688.038359000000,606.072320000000
"WIP2","Asia/Pacific","Rest of Asia/Pacific","2017 YR","Enterprise WAN Equipment",353.037471000000,306.105017000000
"WIP2","Asia/Pacific","Rest of Asia/Pacific","2018 YR","Enterprise LAN Equipment",755.308115000000,666.522231000000
"WIP2","Asia/Pacific","Rest of Asia/Pacific","2018 YR","Enterprise WAN Equipment",422.786223000000,366.857607000000
"WIP2","Asia/Pacific","Rest of Asia/Pacific","2019 YR","Enterprise LAN Equipment",827.014929000000,730.775537000000
"WIP2","Asia/Pacific","Rest of Asia/Pacific","2019 YR","Enterprise WAN Equipment",433.998392000000,376.946472000000
"WIP2","Asia/Pacific","Rest of Asia/Pacific","2020 YR","Enterprise LAN Equipment",851.738402000000,753.064524000000
"WIP2","Asia/Pacific","Rest of Asia/Pacific","2020 YR","Enterprise WAN Equipment",441.054217000000,384.198916000000
"WIP2","Asia/Pacific","Rest of Asia/Pacific","2021 YR","Enterprise LAN Equipment",852.938700000000,755.216484000000
"WIP2","Asia/Pacific","Rest of Asia/Pacific","2021 YR","Enterprise WAN Equipment",438.720481000000,382.208049000000
"WIP2","Asia/Pacific","Rest of Asia/Pacific","2022 YR","Enterprise LAN Equipment",841.293735000000,745.187215000000
"WIP2","Asia/Pacific","Rest of Asia/Pacific","2022 YR","Enterprise WAN Equipment",432.003771000000,376.104859000000
"WIP2","Asia/Pacific","Singapore","2015 YR","Enterprise LAN Equipment",57.340638000000,50.492105000000
"WIP2","Asia/Pacific","Singapore","2015 YR","Enterprise WAN Equipment",58.151240000000,50.258220000000
"WIP2","Asia/Pacific","Singapore","2016 YR","Enterprise LAN Equipment",65.258893000000,57.420841000000
"WIP2","Asia/Pacific","Singapore","2016 YR","Enterprise WAN Equipment",66.954300000000,57.905345000000
"WIP2","Asia/Pacific","Singapore","2017 YR","Enterprise LAN Equipment",78.096346000000,68.792725000000
"WIP2","Asia/Pacific","Singapore","2017 YR","Enterprise WAN Equipment",78.091103000000,67.709748000000
"WIP2","Asia/Pacific","Singapore","2018 YR","Enterprise LAN Equipment",84.568490000000,74.627529000000
"WIP2","Asia/Pacific","Singapore","2018 YR","Enterprise WAN Equipment",88.273231000000,76.595936000000
"WIP2","Asia/Pacific","Singapore","2019 YR","Enterprise LAN Equipment",90.797178000000,80.231147000000
"WIP2","Asia/Pacific","Singapore","2019 YR","Enterprise WAN Equipment",88.311994000000,76.702806000000
"WIP2","Asia/Pacific","Singapore","2020 YR","Enterprise LAN Equipment",94.098641000000,83.197315000000
"WIP2","Asia/Pacific","Singapore","2020 YR","Enterprise WAN Equipment",87.855227000000,76.530009000000
"WIP2","Asia/Pacific","Singapore","2021 YR","Enterprise LAN Equipment",94.265004000000,83.464948000000
"WIP2","Asia/Pacific","Singapore","2021 YR","Enterprise WAN Equipment",86.859151000000,75.670656000000
"WIP2","Asia/Pacific","Singapore","2022 YR","Enterprise LAN Equipment",93.168945000000,82.525644000000
"WIP2","Asia/Pacific","Singapore","2022 YR","Enterprise WAN Equipment",85.529357000000,74.462329000000
"WIP2","Asia/Pacific","Taiwan","2015 YR","Enterprise LAN Equipment",130.561890000000,114.968109000000
"WIP2","Asia/Pacific","Taiwan","2015 YR","Enterprise WAN Equipment",85.170852000000,73.610389000000
"WIP2","Asia/Pacific","Taiwan","2016 YR","Enterprise LAN Equipment",145.673513000000,128.177100000000
"WIP2","Asia/Pacific","Taiwan","2016 YR","Enterprise WAN Equipment",96.369868000000,83.345363000000
"WIP2","Asia/Pacific","Taiwan","2017 YR","Enterprise LAN Equipment",185.138375000000,163.082832000000
"WIP2","Asia/Pacific","Taiwan","2017 YR","Enterprise WAN Equipment",119.882515000000,103.945451000000
"WIP2","Asia/Pacific","Taiwan","2018 YR","Enterprise LAN Equipment",199.723427000000,176.246093000000
"WIP2","Asia/Pacific","Taiwan","2018 YR","Enterprise WAN Equipment",136.176049000000,118.161891000000
"WIP2","Asia/Pacific","Taiwan","2019 YR","Enterprise LAN Equipment",213.353305000000,188.525467000000
"WIP2","Asia/Pacific","Taiwan","2019 YR","Enterprise WAN Equipment",138.503646000000,120.296438000000
"WIP2","Asia/Pacific","Taiwan","2020 YR","Enterprise LAN Equipment",218.395220000000,193.094138000000
"WIP2","Asia/Pacific","Taiwan","2020 YR","Enterprise WAN Equipment",138.030092000000,120.236945000000
"WIP2","Asia/Pacific","Taiwan","2021 YR","Enterprise LAN Equipment",217.511340000000,192.590803000000
"WIP2","Asia/Pacific","Taiwan","2021 YR","Enterprise WAN Equipment",136.892647000000,119.259241000000
"WIP2","Asia/Pacific","Taiwan","2022 YR","Enterprise LAN Equipment",212.145232000000,187.910486000000
"WIP2","Asia/Pacific","Taiwan","2022 YR","Enterprise WAN Equipment",134.796852000000,117.354881000000
"WIP2","Asia/Pacific","Thailand","2015 YR","Enterprise LAN Equipment",136.575674000000,120.263631000000
"WIP2","Asia/Pacific","Thailand","2015 YR","Enterprise WAN Equipment",53.415046000000,46.164882000000
"WIP2","Asia/Pacific","Thailand","2016 YR","Enterprise LAN Equipment",151.464577000000,133.272616000000
"WIP2","Asia/Pacific","Thailand","2016 YR","Enterprise WAN Equipment",59.985847000000,51.878687000000
"WIP2","Asia/Pacific","Thailand","2017 YR","Enterprise LAN Equipment",187.006555000000,164.728456000000
"WIP2","Asia/Pacific","Thailand","2017 YR","Enterprise WAN Equipment",73.868804000000,64.048758000000
"WIP2","Asia/Pacific","Thailand","2018 YR","Enterprise LAN Equipment",209.385997000000,184.772835000000
"WIP2","Asia/Pacific","Thailand","2018 YR","Enterprise WAN Equipment",86.666611000000,75.201849000000
"WIP2","Asia/Pacific","Thailand","2019 YR","Enterprise LAN Equipment",227.757089000000,201.253089000000
"WIP2","Asia/Pacific","Thailand","2019 YR","Enterprise WAN Equipment",88.379829000000,76.761724000000
"WIP2","Asia/Pacific","Thailand","2020 YR","Enterprise LAN Equipment",232.289221000000,205.378519000000
"WIP2","Asia/Pacific","Thailand","2020 YR","Enterprise WAN Equipment",88.450945000000,77.048934000000
"WIP2","Asia/Pacific","Thailand","2021 YR","Enterprise LAN Equipment",234.273902000000,207.432859000000
"WIP2","Asia/Pacific","Thailand","2021 YR","Enterprise WAN Equipment",88.164847000000,76.808163000000
"WIP2","Asia/Pacific","Thailand","2022 YR","Enterprise LAN Equipment",232.998325000000,206.381393000000
"WIP2","Asia/Pacific","Thailand","2022 YR","Enterprise WAN Equipment",86.815063000000,75.581671000000
"WIP2","Eastern Europe","Czech Republic","2015 YR","Enterprise LAN Equipment",65.600131000000,57.467269000000
"WIP2","Eastern Europe","Czech Republic","2015 YR","Enterprise WAN Equipment",46.070580000000,39.319965000000
"WIP2","Eastern Europe","Czech Republic","2016 YR","Enterprise LAN Equipment",72.371862000000,63.397333000000
"WIP2","Eastern Europe","Czech Republic","2016 YR","Enterprise WAN Equipment",49.668416000000,42.410123000000
"WIP2","Eastern Europe","Czech Republic","2017 YR","Enterprise LAN Equipment",81.865528000000,71.817985000000
"WIP2","Eastern Europe","Czech Republic","2017 YR","Enterprise WAN Equipment",52.395065000000,44.761615000000
"WIP2","Eastern Europe","Czech Republic","2018 YR","Enterprise LAN Equipment",97.330058000000,85.518990000000
"WIP2","Eastern Europe","Czech Republic","2018 YR","Enterprise WAN Equipment",62.985693000000,53.847080000000
"WIP2","Eastern Europe","Czech Republic","2019 YR","Enterprise LAN Equipment",99.091786000000,87.238043000000
"WIP2","Eastern Europe","Czech Republic","2019 YR","Enterprise WAN Equipment",63.935612000000,54.682112000000
"WIP2","Eastern Europe","Czech Republic","2020 YR","Enterprise LAN Equipment",100.188316000000,88.267345000000
"WIP2","Eastern Europe","Czech Republic","2020 YR","Enterprise WAN Equipment",63.591530000000,54.542264000000
"WIP2","Eastern Europe","Czech Republic","2021 YR","Enterprise LAN Equipment",98.772180000000,87.157090000000
"WIP2","Eastern Europe","Czech Republic","2021 YR","Enterprise WAN Equipment",62.113327000000,53.270910000000
"WIP2","Eastern Europe","Czech Republic","2022 YR","Enterprise LAN Equipment",94.139889000000,83.125870000000
"WIP2","Eastern Europe","Czech Republic","2022 YR","Enterprise WAN Equipment",61.180298000000,52.426484000000
"WIP2","Eastern Europe","Hungary","2015 YR","Enterprise LAN Equipment",37.669003000000,32.998939000000
"WIP2","Eastern Europe","Hungary","2015 YR","Enterprise WAN Equipment",30.010687000000,25.613291000000
"WIP2","Eastern Europe","Hungary","2016 YR","Enterprise LAN Equipment",41.117333000000,36.018546000000
"WIP2","Eastern Europe","Hungary","2016 YR","Enterprise WAN Equipment",32.368811000000,27.638596000000
"WIP2","Eastern Europe","Hungary","2017 YR","Enterprise LAN Equipment",46.276286000000,40.596692000000
"WIP2","Eastern Europe","Hungary","2017 YR","Enterprise WAN Equipment",33.651439000000,28.748753000000
"WIP2","Eastern Europe","Hungary","2018 YR","Enterprise LAN Equipment",53.070698000000,46.630533000000
"WIP2","Eastern Europe","Hungary","2018 YR","Enterprise WAN Equipment",38.748206000000,33.126217000000
"WIP2","Eastern Europe","Hungary","2019 YR","Enterprise LAN Equipment",54.019655000000,47.557615000000
"WIP2","Eastern Europe","Hungary","2019 YR","Enterprise WAN Equipment",39.521129000000,33.801176000000
"WIP2","Eastern Europe","Hungary","2020 YR","Enterprise LAN Equipment",54.710994000000,48.201171000000
"WIP2","Eastern Europe","Hungary","2020 YR","Enterprise WAN Equipment",39.408254000000,33.800341000000
"WIP2","Eastern Europe","Hungary","2021 YR","Enterprise LAN Equipment",54.017177000000,47.665041000000
"WIP2","Eastern Europe","Hungary","2021 YR","Enterprise WAN Equipment",38.687664000000,33.180111000000
"WIP2","Eastern Europe","Hungary","2022 YR","Enterprise LAN Equipment",51.818708000000,45.756111000000
"WIP2","Eastern Europe","Hungary","2022 YR","Enterprise WAN Equipment",37.951766000000,32.521542000000
"WIP2","Eastern Europe","Poland","2015 YR","Enterprise LAN Equipment",175.779998000000,153.987442000000
"WIP2","Eastern Europe","Poland","2015 YR","Enterprise WAN Equipment",85.324967000000,72.822498000000
"WIP2","Eastern Europe","Poland","2016 YR","Enterprise LAN Equipment",186.646486000000,163.501243000000
"WIP2","Eastern Europe","Poland","2016 YR","Enterprise WAN Equipment",89.473215000000,76.398049000000
"WIP2","Eastern Europe","Poland","2017 YR","Enterprise LAN Equipment",212.352331000000,186.289845000000
"WIP2","Eastern Europe","Poland","2017 YR","Enterprise WAN Equipment",94.017098000000,80.319723000000
"WIP2","Eastern Europe","Poland","2018 YR","Enterprise LAN Equipment",248.196568000000,218.077747000000
"WIP2","Eastern Europe","Poland","2018 YR","Enterprise WAN Equipment",109.766909000000,93.840794000000
"WIP2","Eastern Europe","Poland","2019 YR","Enterprise LAN Equipment",251.898826000000,221.765713000000
"WIP2","Eastern Europe","Poland","2019 YR","Enterprise WAN Equipment",111.833006000000,95.647243000000
"WIP2","Eastern Europe","Poland","2020 YR","Enterprise LAN Equipment",254.920244000000,224.588394000000
"WIP2","Eastern Europe","Poland","2020 YR","Enterprise WAN Equipment",111.077639000000,95.270957000000
"WIP2","Eastern Europe","Poland","2021 YR","Enterprise LAN Equipment",252.357196000000,222.681314000000
"WIP2","Eastern Europe","Poland","2021 YR","Enterprise WAN Equipment",108.262906000000,92.850662000000
"WIP2","Eastern Europe","Poland","2022 YR","Enterprise LAN Equipment",241.351977000000,213.114690000000
"WIP2","Eastern Europe","Poland","2022 YR","Enterprise WAN Equipment",106.379178000000,91.158206000000
"WIP2","Eastern Europe","Rest of Eastern Europe","2015 YR","Enterprise LAN Equipment",420.655584000000,368.504255000000
"WIP2","Eastern Europe","Rest of Eastern Europe","2015 YR","Enterprise WAN Equipment",285.962320000000,244.060927000000
"WIP2","Eastern Europe","Rest of Eastern Europe","2016 YR","Enterprise LAN Equipment",417.846548000000,366.031161000000
"WIP2","Eastern Europe","Rest of Eastern Europe","2016 YR","Enterprise WAN Equipment",275.348795000000,235.110707000000
"WIP2","Eastern Europe","Rest of Eastern Europe","2017 YR","Enterprise LAN Equipment",426.845329000000,374.457629000000
"WIP2","Eastern Europe","Rest of Eastern Europe","2017 YR","Enterprise WAN Equipment",309.389762000000,264.314690000000
"WIP2","Eastern Europe","Rest of Eastern Europe","2018 YR","Enterprise LAN Equipment",460.261461000000,404.408423000000
"WIP2","Eastern Europe","Rest of Eastern Europe","2018 YR","Enterprise WAN Equipment",332.694375000000,284.423646000000
"WIP2","Eastern Europe","Rest of Eastern Europe","2019 YR","Enterprise LAN Equipment",474.552487000000,417.784682000000
"WIP2","Eastern Europe","Rest of Eastern Europe","2019 YR","Enterprise WAN Equipment",334.331941000000,285.943565000000
"WIP2","Eastern Europe","Rest of Eastern Europe","2020 YR","Enterprise LAN Equipment",485.207704000000,427.474952000000
"WIP2","Eastern Europe","Rest of Eastern Europe","2020 YR","Enterprise WAN Equipment",335.127241000000,287.437625000000
"WIP2","Eastern Europe","Rest of Eastern Europe","2021 YR","Enterprise LAN Equipment",477.404025000000,421.263817000000
"WIP2","Eastern Europe","Rest of Eastern Europe","2021 YR","Enterprise WAN Equipment",336.420313000000,288.527715000000
"WIP2","Eastern Europe","Rest of Eastern Europe","2022 YR","Enterprise LAN Equipment",457.880710000000,404.310362000000
"WIP2","Eastern Europe","Rest of Eastern Europe","2022 YR","Enterprise WAN Equipment",333.263410000000,285.579333000000
"WIP2","Eastern Europe","Russia","2015 YR","Enterprise LAN Equipment",301.147652000000,263.812475000000
"WIP2","Eastern Europe","Russia","2015 YR","Enterprise WAN Equipment",149.344150000000,127.461099000000
"WIP2","Eastern Europe","Russia","2016 YR","Enterprise LAN Equipment",288.567011000000,252.783033000000
"WIP2","Eastern Europe","Russia","2016 YR","Enterprise WAN Equipment",142.567236000000,121.733177000000
"WIP2","Eastern Europe","Russia","2017 YR","Enterprise LAN Equipment",376.843840000000,330.592936000000
"WIP2","Eastern Europe","Russia","2017 YR","Enterprise WAN Equipment",167.028324000000,142.693926000000
"WIP2","Eastern Europe","Russia","2018 YR","Enterprise LAN Equipment",400.159274000000,351.599677000000
"WIP2","Eastern Europe","Russia","2018 YR","Enterprise WAN Equipment",176.977066000000,151.299409000000
"WIP2","Eastern Europe","Russia","2019 YR","Enterprise LAN Equipment",414.833135000000,365.209190000000
"WIP2","Eastern Europe","Russia","2019 YR","Enterprise WAN Equipment",181.610993000000,155.326155000000
"WIP2","Eastern Europe","Russia","2020 YR","Enterprise LAN Equipment",425.880518000000,375.206850000000
"WIP2","Eastern Europe","Russia","2020 YR","Enterprise WAN Equipment",183.406483000000,157.307188000000
"WIP2","Eastern Europe","Russia","2021 YR","Enterprise LAN Equipment",421.468819000000,371.906298000000
"WIP2","Eastern Europe","Russia","2021 YR","Enterprise WAN Equipment",182.164040000000,156.231274000000
"WIP2","Eastern Europe","Russia","2022 YR","Enterprise LAN Equipment",406.282180000000,358.748670000000
"WIP2","Eastern Europe","Russia","2022 YR","Enterprise WAN Equipment",179.169307000000,153.533360000000
"WIP2","Japan","Japan","2015 YR","Enterprise LAN Equipment",1368.807900000000,1193.302283000000
"WIP2","Japan","Japan","2015 YR","Enterprise WAN Equipment",541.764678000000,455.059096000000
"WIP2","Japan","Japan","2016 YR","Enterprise LAN Equipment",1527.237747000000,1332.212957000000
"WIP2","Japan","Japan","2016 YR","Enterprise WAN Equipment",661.152348000000,554.930843000000
"WIP2","Japan","Japan","2017 YR","Enterprise LAN Equipment",1577.381776000000,1378.948859000000
"WIP2","Japan","Japan","2017 YR","Enterprise WAN Equipment",753.952665000000,633.809533000000
"WIP2","Japan","Japan","2018 YR","Enterprise LAN Equipment",1723.146100000000,1509.748503000000
"WIP2","Japan","Japan","2018 YR","Enterprise WAN Equipment",832.141266000000,700.301751000000
"WIP2","Japan","Japan","2019 YR","Enterprise LAN Equipment",1782.255717000000,1564.345370000000
"WIP2","Japan","Japan","2019 YR","Enterprise WAN Equipment",851.088048000000,716.705528000000
"WIP2","Japan","Japan","2020 YR","Enterprise LAN Equipment",1780.429758000000,1564.119107000000
"WIP2","Japan","Japan","2020 YR","Enterprise WAN Equipment",845.190272000000,715.179876000000
"WIP2","Japan","Japan","2021 YR","Enterprise LAN Equipment",1702.654283000000,1498.582535000000
"WIP2","Japan","Japan","2021 YR","Enterprise WAN Equipment",835.802086000000,708.148811000000
"WIP2","Japan","Japan","2022 YR","Enterprise LAN Equipment",1623.888616000000,1430.415295000000
"WIP2","Japan","Japan","2022 YR","Enterprise WAN Equipment",825.043280000000,698.696805000000
"WIP2","Latin America","Argentina","2015 YR","Enterprise LAN Equipment",78.505934000000,68.898784000000
"WIP2","Latin America","Argentina","2015 YR","Enterprise WAN Equipment",40.032019000000,34.294075000000
"WIP2","Latin America","Argentina","2016 YR","Enterprise LAN Equipment",52.476948000000,46.042769000000
"WIP2","Latin America","Argentina","2016 YR","Enterprise WAN Equipment",28.866506000000,24.658545000000
"WIP2","Latin America","Argentina","2017 YR","Enterprise LAN Equipment",47.237865000000,41.510798000000
"WIP2","Latin America","Argentina","2017 YR","Enterprise WAN Equipment",28.832124000000,24.611354000000
"WIP2","Latin America","Argentina","2018 YR","Enterprise LAN Equipment",40.998678000000,36.095032000000
"WIP2","Latin America","Argentina","2018 YR","Enterprise WAN Equipment",25.828456000000,22.049601000000
"WIP2","Latin America","Argentina","2019 YR","Enterprise LAN Equipment",43.505246000000,38.354179000000
"WIP2","Latin America","Argentina","2019 YR","Enterprise WAN Equipment",26.322724000000,22.479846000000
"WIP2","Latin America","Argentina","2020 YR","Enterprise LAN Equipment",45.023659000000,39.726144000000
"WIP2","Latin America","Argentina","2020 YR","Enterprise WAN Equipment",26.237813000000,22.455504000000
"WIP2","Latin America","Argentina","2021 YR","Enterprise LAN Equipment",44.886735000000,39.667679000000
"WIP2","Latin America","Argentina","2021 YR","Enterprise WAN Equipment",25.631486000000,21.968607000000
"WIP2","Latin America","Argentina","2022 YR","Enterprise LAN Equipment",43.579096000000,38.533026000000
"WIP2","Latin America","Argentina","2022 YR","Enterprise WAN Equipment",24.982330000000,21.394295000000
"WIP2","Latin America","Brazil","2015 YR","Enterprise LAN Equipment",375.719009000000,329.740460000000
"WIP2","Latin America","Brazil","2015 YR","Enterprise WAN Equipment",207.508749000000,177.765717000000
"WIP2","Latin America","Brazil","2016 YR","Enterprise LAN Equipment",371.575281000000,326.016572000000
"WIP2","Latin America","Brazil","2016 YR","Enterprise WAN Equipment",223.847203000000,191.216297000000
"WIP2","Latin America","Brazil","2017 YR","Enterprise LAN Equipment",421.592463000000,370.479053000000
"WIP2","Latin America","Brazil","2017 YR","Enterprise WAN Equipment",279.201265000000,238.328647000000
"WIP2","Latin America","Brazil","2018 YR","Enterprise LAN Equipment",431.465726000000,379.860269000000
"WIP2","Latin America","Brazil","2018 YR","Enterprise WAN Equipment",296.418281000000,253.050539000000
"WIP2","Latin America","Brazil","2019 YR","Enterprise LAN Equipment",463.159924000000,408.321296000000
"WIP2","Latin America","Brazil","2019 YR","Enterprise WAN Equipment",302.755294000000,258.555777000000
"WIP2","Latin America","Brazil","2020 YR","Enterprise LAN Equipment",483.551423000000,426.656425000000
"WIP2","Latin America","Brazil","2020 YR","Enterprise WAN Equipment",305.860559000000,261.769266000000
"WIP2","Latin America","Brazil","2021 YR","Enterprise LAN Equipment",481.357443000000,425.389207000000
"WIP2","Latin America","Brazil","2021 YR","Enterprise WAN Equipment",304.621629000000,261.089540000000
"WIP2","Latin America","Brazil","2022 YR","Enterprise LAN Equipment",470.789393000000,416.276181000000
"WIP2","Latin America","Brazil","2022 YR","Enterprise WAN Equipment",300.460952000000,257.307873000000
"WIP2","Latin America","Chile","2015 YR","Enterprise LAN Equipment",59.071510000000,51.842644000000
"WIP2","Latin America","Chile","2015 YR","Enterprise WAN Equipment",30.674246000000,26.277588000000
"WIP2","Latin America","Chile","2016 YR","Enterprise LAN Equipment",60.788488000000,53.335234000000
"WIP2","Latin America","Chile","2016 YR","Enterprise WAN Equipment",34.175658000000,29.193766000000
"WIP2","Latin America","Chile","2017 YR","Enterprise LAN Equipment",64.519340000000,56.697085000000
"WIP2","Latin America","Chile","2017 YR","Enterprise WAN Equipment",40.170113000000,34.289561000000
"WIP2","Latin America","Chile","2018 YR","Enterprise LAN Equipment",73.699873000000,64.885000000000
"WIP2","Latin America","Chile","2018 YR","Enterprise WAN Equipment",46.880917000000,40.021962000000
"WIP2","Latin America","Chile","2019 YR","Enterprise LAN Equipment",77.669032000000,68.472936000000
"WIP2","Latin America","Chile","2019 YR","Enterprise WAN Equipment",47.734674000000,40.765846000000
"WIP2","Latin America","Chile","2020 YR","Enterprise LAN Equipment",80.655352000000,71.165387000000
"WIP2","Latin America","Chile","2020 YR","Enterprise WAN Equipment",47.889692000000,40.986159000000
"WIP2","Latin America","Chile","2021 YR","Enterprise LAN Equipment",79.444917000000,70.207723000000
"WIP2","Latin America","Chile","2021 YR","Enterprise WAN Equipment",47.549235000000,40.754190000000
"WIP2","Latin America","Chile","2022 YR","Enterprise LAN Equipment",77.376861000000,68.417311000000
"WIP2","Latin America","Chile","2022 YR","Enterprise WAN Equipment",46.604107000000,39.910689000000
"WIP2","Latin America","Colombia","2015 YR","Enterprise LAN Equipment",73.278089000000,64.310695000000
"WIP2","Latin America","Colombia","2015 YR","Enterprise WAN Equipment",32.546787000000,27.881730000000
"WIP2","Latin America","Colombia","2016 YR","Enterprise LAN Equipment",70.276617000000,61.660027000000
"WIP2","Latin America","Colombia","2016 YR","Enterprise WAN Equipment",33.454020000000,28.577323000000
"WIP2","Latin America","Colombia","2017 YR","Enterprise LAN Equipment",74.339452000000,65.326618000000
"WIP2","Latin America","Colombia","2017 YR","Enterprise WAN Equipment",39.908283000000,34.066060000000
"WIP2","Latin America","Colombia","2018 YR","Enterprise LAN Equipment",82.993308000000,73.066893000000
"WIP2","Latin America","Colombia","2018 YR","Enterprise WAN Equipment",45.384452000000,38.744439000000
"WIP2","Latin America","Colombia","2019 YR","Enterprise LAN Equipment",89.090534000000,78.542119000000
"WIP2","Latin America","Colombia","2019 YR","Enterprise WAN Equipment",46.485949000000,39.699424000000
"WIP2","Latin America","Colombia","2020 YR","Enterprise LAN Equipment",92.498122000000,81.614728000000
"WIP2","Latin America","Colombia","2020 YR","Enterprise WAN Equipment",46.418268000000,39.726848000000
"WIP2","Latin America","Colombia","2021 YR","Enterprise LAN Equipment",91.694122000000,81.032693000000
"WIP2","Latin America","Colombia","2021 YR","Enterprise WAN Equipment",46.086472000000,39.500464000000
"WIP2","Latin America","Colombia","2022 YR","Enterprise LAN Equipment",89.322472000000,78.979727000000
"WIP2","Latin America","Colombia","2022 YR","Enterprise WAN Equipment",45.130929000000,38.649093000000
"WIP2","Latin America","Mexico","2015 YR","Enterprise LAN Equipment",285.148963000000,250.253907000000
"WIP2","Latin America","Mexico","2015 YR","Enterprise WAN Equipment",167.795548000000,143.744763000000
"WIP2","Latin America","Mexico","2016 YR","Enterprise LAN Equipment",264.537996000000,232.103089000000
"WIP2","Latin America","Mexico","2016 YR","Enterprise WAN Equipment",167.232433000000,142.854439000000
"WIP2","Latin America","Mexico","2017 YR","Enterprise LAN Equipment",254.894007000000,223.990936000000
"WIP2","Latin America","Mexico","2017 YR","Enterprise WAN Equipment",174.372281000000,148.845708000000
"WIP2","Latin America","Mexico","2018 YR","Enterprise LAN Equipment",275.157120000000,242.246953000000
"WIP2","Latin America","Mexico","2018 YR","Enterprise WAN Equipment",189.407730000000,161.696263000000
"WIP2","Latin America","Mexico","2019 YR","Enterprise LAN Equipment",291.201438000000,256.722878000000
"WIP2","Latin America","Mexico","2019 YR","Enterprise WAN Equipment",194.118970000000,165.779367000000
"WIP2","Latin America","Mexico","2020 YR","Enterprise LAN Equipment",301.522769000000,266.045390000000
"WIP2","Latin America","Mexico","2020 YR","Enterprise WAN Equipment",195.869748000000,167.634168000000
"WIP2","Latin America","Mexico","2021 YR","Enterprise LAN Equipment",299.811974000000,264.952334000000
"WIP2","Latin America","Mexico","2021 YR","Enterprise WAN Equipment",196.115048000000,168.089140000000
"WIP2","Latin America","Mexico","2022 YR","Enterprise LAN Equipment",293.282063000000,259.322617000000
"WIP2","Latin America","Mexico","2022 YR","Enterprise WAN Equipment",192.734078000000,165.053047000000
"WIP2","Latin America","Peru","2015 YR","Enterprise LAN Equipment",39.511646000000,34.676415000000
"WIP2","Latin America","Peru","2015 YR","Enterprise WAN Equipment",22.308468000000,19.110909000000
"WIP2","Latin America","Peru","2016 YR","Enterprise LAN Equipment",36.946213000000,32.416251000000
"WIP2","Latin America","Peru","2016 YR","Enterprise WAN Equipment",22.415000000000,19.147496000000
"WIP2","Latin America","Peru","2017 YR","Enterprise LAN Equipment",37.868199000000,33.277100000000
"WIP2","Latin America","Peru","2017 YR","Enterprise WAN Equipment",25.805978000000,22.028209000000
"WIP2","Latin America","Peru","2018 YR","Enterprise LAN Equipment",41.616646000000,36.639087000000
"WIP2","Latin America","Peru","2018 YR","Enterprise WAN Equipment",28.316859000000,24.173936000000
"WIP2","Latin America","Peru","2019 YR","Enterprise LAN Equipment",44.909722000000,39.592363000000
"WIP2","Latin America","Peru","2019 YR","Enterprise WAN Equipment",28.960254000000,24.732321000000
"WIP2","Latin America","Peru","2020 YR","Enterprise LAN Equipment",46.925632000000,41.404329000000
"WIP2","Latin America","Peru","2020 YR","Enterprise WAN Equipment",29.334395000000,25.105699000000
"WIP2","Latin America","Peru","2021 YR","Enterprise LAN Equipment",46.696922000000,41.267393000000
"WIP2","Latin America","Peru","2021 YR","Enterprise WAN Equipment",29.257839000000,25.076735000000
"WIP2","Latin America","Peru","2022 YR","Enterprise LAN Equipment",45.689479000000,40.399045000000
"WIP2","Latin America","Peru","2022 YR","Enterprise WAN Equipment",28.763186000000,24.632133000000
"WIP2","Latin America","Rest of Latin America","2015 YR","Enterprise LAN Equipment",138.567344000000,121.610189000000
"WIP2","Latin America","Rest of Latin America","2015 YR","Enterprise WAN Equipment",99.283781000000,85.053052000000
"WIP2","Latin America","Rest of Latin America","2016 YR","Enterprise LAN Equipment",133.780466000000,117.377693000000
"WIP2","Latin America","Rest of Latin America","2016 YR","Enterprise WAN Equipment",96.120722000000,82.108904000000
"WIP2","Latin America","Rest of Latin America","2017 YR","Enterprise LAN Equipment",137.072959000000,120.454383000000
"WIP2","Latin America","Rest of Latin America","2017 YR","Enterprise WAN Equipment",107.969644000000,92.163835000000
"WIP2","Latin America","Rest of Latin America","2018 YR","Enterprise LAN Equipment",172.429056000000,151.805679000000
"WIP2","Latin America","Rest of Latin America","2018 YR","Enterprise WAN Equipment",127.463936000000,108.815211000000
"WIP2","Latin America","Rest of Latin America","2019 YR","Enterprise LAN Equipment",190.310869000000,167.777859000000
"WIP2","Latin America","Rest of Latin America","2019 YR","Enterprise WAN Equipment",127.494953000000,108.881850000000
"WIP2","Latin America","Rest of Latin America","2020 YR","Enterprise LAN Equipment",198.232359000000,174.908201000000
"WIP2","Latin America","Rest of Latin America","2020 YR","Enterprise WAN Equipment",127.947129000000,109.502926000000
"WIP2","Latin America","Rest of Latin America","2021 YR","Enterprise LAN Equipment",194.989180000000,172.317462000000
"WIP2","Latin America","Rest of Latin America","2021 YR","Enterprise WAN Equipment",126.029058000000,108.018819000000
"WIP2","Latin America","Rest of Latin America","2022 YR","Enterprise LAN Equipment",188.889950000000,167.018179000000
"WIP2","Latin America","Rest of Latin America","2022 YR","Enterprise WAN Equipment",121.713254000000,104.232441000000
"WIP2","Latin America","Venezuela","2015 YR","Enterprise LAN Equipment",47.743239000000,41.900668000000
"WIP2","Latin America","Venezuela","2015 YR","Enterprise WAN Equipment",27.248075000000,23.342503000000
"WIP2","Latin America","Venezuela","2016 YR","Enterprise LAN Equipment",44.896139000000,39.391440000000
"WIP2","Latin America","Venezuela","2016 YR","Enterprise WAN Equipment",27.088219000000,23.139485000000
"WIP2","Latin America","Venezuela","2017 YR","Enterprise LAN Equipment",45.814325000000,40.259846000000
"WIP2","Latin America","Venezuela","2017 YR","Enterprise WAN Equipment",30.719014000000,26.222020000000
"WIP2","Latin America","Venezuela","2018 YR","Enterprise LAN Equipment",50.113092000000,44.119316000000
"WIP2","Latin America","Venezuela","2018 YR","Enterprise WAN Equipment",33.564901000000,28.654158000000
"WIP2","Latin America","Venezuela","2019 YR","Enterprise LAN Equipment",53.851626000000,47.475536000000
"WIP2","Latin America","Venezuela","2019 YR","Enterprise WAN Equipment",34.119073000000,29.137999000000
"WIP2","Latin America","Venezuela","2020 YR","Enterprise LAN Equipment",55.878215000000,49.303545000000
"WIP2","Latin America","Venezuela","2020 YR","Enterprise WAN Equipment",34.382328000000,29.425948000000
"WIP2","Latin America","Venezuela","2021 YR","Enterprise LAN Equipment",55.451745000000,49.004278000000
"WIP2","Latin America","Venezuela","2021 YR","Enterprise WAN Equipment",34.278667000000,29.380059000000
"WIP2","Latin America","Venezuela","2022 YR","Enterprise LAN Equipment",53.979165000000,47.728859000000
"WIP2","Latin America","Venezuela","2022 YR","Enterprise WAN Equipment",33.687331000000,28.849059000000
"WIP2","Middle East & Africa","Israel","2015 YR","Enterprise LAN Equipment",78.548871000000,68.840784000000
"WIP2","Middle East & Africa","Israel","2015 YR","Enterprise WAN Equipment",30.755649000000,26.363254000000
"WIP2","Middle East & Africa","Israel","2016 YR","Enterprise LAN Equipment",87.704877000000,76.865587000000
"WIP2","Middle East & Africa","Israel","2016 YR","Enterprise WAN Equipment",33.827302000000,28.961763000000
"WIP2","Middle East & Africa","Israel","2017 YR","Enterprise LAN Equipment",98.508184000000,86.499238000000
"WIP2","Middle East & Africa","Israel","2017 YR","Enterprise WAN Equipment",38.568294000000,33.041456000000
"WIP2","Middle East & Africa","Israel","2018 YR","Enterprise LAN Equipment",107.986651000000,95.010319000000
"WIP2","Middle East & Africa","Israel","2018 YR","Enterprise WAN Equipment",44.117259000000,37.851564000000
"WIP2","Middle East & Africa","Israel","2019 YR","Enterprise LAN Equipment",110.783996000000,97.624650000000
"WIP2","Middle East & Africa","Israel","2019 YR","Enterprise WAN Equipment",46.104840000000,39.575860000000
"WIP2","Middle East & Africa","Israel","2020 YR","Enterprise LAN Equipment",111.453225000000,98.311419000000
"WIP2","Middle East & Africa","Israel","2020 YR","Enterprise WAN Equipment",46.455683000000,39.991224000000
"WIP2","Middle East & Africa","Israel","2021 YR","Enterprise LAN Equipment",109.224950000000,96.510984000000
"WIP2","Middle East & Africa","Israel","2021 YR","Enterprise WAN Equipment",45.993612000000,39.666295000000
"WIP2","Middle East & Africa","Israel","2022 YR","Enterprise LAN Equipment",105.343698000000,93.146772000000
"WIP2","Middle East & Africa","Israel","2022 YR","Enterprise WAN Equipment",45.213774000000,38.983370000000
"WIP2","Middle East & Africa","Rest of MEA","2015 YR","Enterprise LAN Equipment",721.469055000000,632.300568000000
"WIP2","Middle East & Africa","Rest of MEA","2015 YR","Enterprise WAN Equipment",613.486769000000,525.871130000000
"WIP2","Middle East & Africa","Rest of MEA","2016 YR","Enterprise LAN Equipment",760.260288000000,666.301074000000
"WIP2","Middle East & Africa","Rest of MEA","2016 YR","Enterprise WAN Equipment",668.016015000000,571.932157000000
"WIP2","Middle East & Africa","Rest of MEA","2017 YR","Enterprise LAN Equipment",843.970867000000,741.083981000000
"WIP2","Middle East & Africa","Rest of MEA","2017 YR","Enterprise WAN Equipment",734.348402000000,629.116256000000
"WIP2","Middle East & Africa","Rest of MEA","2018 YR","Enterprise LAN Equipment",906.680917000000,797.728635000000
"WIP2","Middle East & Africa","Rest of MEA","2018 YR","Enterprise WAN Equipment",815.949423000000,700.065297000000
"WIP2","Middle East & Africa","Rest of MEA","2019 YR","Enterprise LAN Equipment",963.156561000000,848.749148000000
"WIP2","Middle East & Africa","Rest of MEA","2019 YR","Enterprise WAN Equipment",834.043055000000,715.932877000000
"WIP2","Middle East & Africa","Rest of MEA","2020 YR","Enterprise LAN Equipment",974.837542000000,859.891331000000
"WIP2","Middle East & Africa","Rest of MEA","2020 YR","Enterprise WAN Equipment",851.683954000000,733.169376000000
"WIP2","Middle East & Africa","Rest of MEA","2021 YR","Enterprise LAN Equipment",961.972314000000,849.997143000000
"WIP2","Middle East & Africa","Rest of MEA","2021 YR","Enterprise WAN Equipment",861.193382000000,742.719452000000
"WIP2","Middle East & Africa","Rest of MEA","2022 YR","Enterprise LAN Equipment",934.908429000000,826.662668000000
"WIP2","Middle East & Africa","Rest of MEA","2022 YR","Enterprise WAN Equipment",858.245625000000,739.980418000000
"WIP2","Middle East & Africa","South Africa","2015 YR","Enterprise LAN Equipment",88.379827000000,77.456703000000
"WIP2","Middle East & Africa","South Africa","2015 YR","Enterprise WAN Equipment",61.204611000000,52.463622000000
"WIP2","Middle East & Africa","South Africa","2016 YR","Enterprise LAN Equipment",82.049030000000,71.908736000000
"WIP2","Middle East & Africa","South Africa","2016 YR","Enterprise WAN Equipment",57.595997000000,49.311696000000
"WIP2","Middle East & Africa","South Africa","2017 YR","Enterprise LAN Equipment",92.943133000000,81.612612000000
"WIP2","Middle East & Africa","South Africa","2017 YR","Enterprise WAN Equipment",67.597955000000,57.911166000000
"WIP2","Middle East & Africa","South Africa","2018 YR","Enterprise LAN Equipment",108.855447000000,95.774716000000
"WIP2","Middle East & Africa","South Africa","2018 YR","Enterprise WAN Equipment",82.117504000000,70.454875000000
"WIP2","Middle East & Africa","South Africa","2019 YR","Enterprise LAN Equipment",112.715130000000,99.326397000000
"WIP2","Middle East & Africa","South Africa","2019 YR","Enterprise WAN Equipment",87.101596000000,74.766999000000
"WIP2","Middle East & Africa","South Africa","2020 YR","Enterprise LAN Equipment",113.928541000000,100.494863000000
"WIP2","Middle East & Africa","South Africa","2020 YR","Enterprise WAN Equipment",88.528161000000,76.209181000000
"WIP2","Middle East & Africa","South Africa","2021 YR","Enterprise LAN Equipment",112.247207000000,99.181446000000
"WIP2","Middle East & Africa","South Africa","2021 YR","Enterprise WAN Equipment",88.262044000000,76.119880000000
"WIP2","Middle East & Africa","South Africa","2022 YR","Enterprise LAN Equipment",108.817257000000,96.218155000000
"WIP2","Middle East & Africa","South Africa","2022 YR","Enterprise WAN Equipment",87.737520000000,75.647396000000
"WIP2","Middle East & Africa","Turkey","2015 YR","Enterprise LAN Equipment",129.829317000000,113.783329000000
"WIP2","Middle East & Africa","Turkey","2015 YR","Enterprise WAN Equipment",47.168502000000,40.432092000000
"WIP2","Middle East & Africa","Turkey","2016 YR","Enterprise LAN Equipment",125.903981000000,110.343732000000
"WIP2","Middle East & Africa","Turkey","2016 YR","Enterprise WAN Equipment",45.982704000000,39.368797000000
"WIP2","Middle East & Africa","Turkey","2017 YR","Enterprise LAN Equipment",110.258909000000,96.817454000000
"WIP2","Middle East & Africa","Turkey","2017 YR","Enterprise WAN Equipment",40.728116000000,34.891776000000
"WIP2","Middle East & Africa","Turkey","2018 YR","Enterprise LAN Equipment",107.628333000000,94.695060000000
"WIP2","Middle East & Africa","Turkey","2018 YR","Enterprise WAN Equipment",41.105719000000,35.267735000000
"WIP2","Middle East & Africa","Turkey","2019 YR","Enterprise LAN Equipment",111.323895000000,98.100418000000
"WIP2","Middle East & Africa","Turkey","2019 YR","Enterprise WAN Equipment",43.431186000000,37.280826000000
"WIP2","Middle East & Africa","Turkey","2020 YR","Enterprise LAN Equipment",112.953278000000,99.634596000000
"WIP2","Middle East & Africa","Turkey","2020 YR","Enterprise WAN Equipment",43.632915000000,37.561254000000
"WIP2","Middle East & Africa","Turkey","2021 YR","Enterprise LAN Equipment",109.740937000000,96.966910000000
"WIP2","Middle East & Africa","Turkey","2021 YR","Enterprise WAN Equipment",42.846395000000,36.952039000000
"WIP2","Middle East & Africa","Turkey","2022 YR","Enterprise LAN Equipment",105.246732000000,93.061033000000
"WIP2","Middle East & Africa","Turkey","2022 YR","Enterprise WAN Equipment",42.155895000000,36.346864000000
"WIP2","North America","Canada","2015 YR","Enterprise LAN Equipment",1018.716737000000,887.282704000000
"WIP2","North America","Canada","2015 YR","Enterprise WAN Equipment",587.522714000000,486.623983000000
"WIP2","North America","Canada","2016 YR","Enterprise LAN Equipment",1014.565373000000,883.701083000000
"WIP2","North America","Canada","2016 YR","Enterprise WAN Equipment",599.231435000000,497.373300000000
"WIP2","North America","Canada","2017 YR","Enterprise LAN Equipment",1137.166544000000,992.761953000000
"WIP2","North America","Canada","2017 YR","Enterprise WAN Equipment",649.916620000000,540.190065000000
"WIP2","North America","Canada","2018 YR","Enterprise LAN Equipment",1256.576124000000,1099.340350000000
"WIP2","North America","Canada","2018 YR","Enterprise WAN Equipment",748.740164000000,622.901143000000
"WIP2","North America","Canada","2019 YR","Enterprise LAN Equipment",1311.055539000000,1148.852587000000
"WIP2","North America","Canada","2019 YR","Enterprise WAN Equipment",772.203227000000,642.985712000000
"WIP2","North America","Canada","2020 YR","Enterprise LAN Equipment",1314.847440000000,1152.930752000000
"WIP2","North America","Canada","2020 YR","Enterprise WAN Equipment",785.166371000000,655.699699000000
"WIP2","North America","Canada","2021 YR","Enterprise LAN Equipment",1274.490134000000,1118.945316000000
"WIP2","North America","Canada","2021 YR","Enterprise WAN Equipment",795.745175000000,666.342564000000
"WIP2","North America","Canada","2022 YR","Enterprise LAN Equipment",1217.141082000000,1069.234816000000
"WIP2","North America","Canada","2022 YR","Enterprise WAN Equipment",801.579038000000,670.746724000000
"WIP2","North America","United States","2015 YR","Enterprise LAN Equipment",12405.861559000000,10805.267038000000
"WIP2","North America","United States","2015 YR","Enterprise WAN Equipment",7478.357010000000,6194.054773000000
"WIP2","North America","United States","2016 YR","Enterprise LAN Equipment",12916.027527000000,11250.046396000000
"WIP2","North America","United States","2016 YR","Enterprise WAN Equipment",7876.094139000000,6537.305455000000
"WIP2","North America","United States","2017 YR","Enterprise LAN Equipment",14241.873899000000,12433.350798000000
"WIP2","North America","United States","2017 YR","Enterprise WAN Equipment",8289.818021000000,6890.233601000000
"WIP2","North America","United States","2018 YR","Enterprise LAN Equipment",15101.032477000000,13211.435433000000
"WIP2","North America","United States","2018 YR","Enterprise WAN Equipment",9088.000748000000,7560.601554000000
"WIP2","North America","United States","2019 YR","Enterprise LAN Equipment",15602.427519000000,13672.105170000000
"WIP2","North America","United States","2019 YR","Enterprise WAN Equipment",9330.585808000000,7769.241496000000
"WIP2","North America","United States","2020 YR","Enterprise LAN Equipment",15488.400104000000,13581.083426000000
"WIP2","North America","United States","2020 YR","Enterprise WAN Equipment",9428.828868000000,7874.102195000000
"WIP2","North America","United States","2021 YR","Enterprise LAN Equipment",14771.911402000000,12969.077302000000
"WIP2","North America","United States","2021 YR","Enterprise WAN Equipment",9520.659571000000,7972.427492000000
"WIP2","North America","United States","2022 YR","Enterprise LAN Equipment",13814.954083000000,12136.169016000000
"WIP2","North America","United States","2022 YR","Enterprise WAN Equipment",9570.937004000000,8008.785574000000
"WIP2","Western Europe","Austria","2015 YR","Enterprise LAN Equipment",142.099146000000,124.123531000000
"WIP2","Western Europe","Austria","2015 YR","Enterprise WAN Equipment",86.199775000000,73.145752000000
"WIP2","Western Europe","Austria","2016 YR","Enterprise LAN Equipment",148.483543000000,129.637791000000
"WIP2","Western Europe","Austria","2016 YR","Enterprise WAN Equipment",94.145587000000,79.967877000000
"WIP2","Western Europe","Austria","2017 YR","Enterprise LAN Equipment",158.583943000000,138.682389000000
"WIP2","Western Europe","Austria","2017 YR","Enterprise WAN Equipment",102.988201000000,87.574723000000
"WIP2","Western Europe","Austria","2018 YR","Enterprise LAN Equipment",168.553640000000,147.644975000000
"WIP2","Western Europe","Austria","2018 YR","Enterprise WAN Equipment",112.788781000000,96.051324000000
"WIP2","Western Europe","Austria","2019 YR","Enterprise LAN Equipment",176.414432000000,154.716363000000
"WIP2","Western Europe","Austria","2019 YR","Enterprise WAN Equipment",116.945021000000,99.694074000000
"WIP2","Western Europe","Austria","2020 YR","Enterprise LAN Equipment",173.700162000000,152.436993000000
"WIP2","Western Europe","Austria","2020 YR","Enterprise WAN Equipment",118.888458000000,101.710260000000
"WIP2","Western Europe","Austria","2021 YR","Enterprise LAN Equipment",170.736224000000,150.022415000000
"WIP2","Western Europe","Austria","2021 YR","Enterprise WAN Equipment",118.822755000000,101.815012000000
"WIP2","Western Europe","Austria","2022 YR","Enterprise LAN Equipment",158.161841000000,139.090304000000
"WIP2","Western Europe","Austria","2022 YR","Enterprise WAN Equipment",117.778348000000,100.893723000000
"WIP2","Western Europe","Belgium","2015 YR","Enterprise LAN Equipment",172.058721000000,150.293205000000
"WIP2","Western Europe","Belgium","2015 YR","Enterprise WAN Equipment",85.518499000000,72.567648000000
"WIP2","Western Europe","Belgium","2016 YR","Enterprise LAN Equipment",179.518837000000,156.734039000000
"WIP2","Western Europe","Belgium","2016 YR","Enterprise WAN Equipment",92.987160000000,78.983901000000
"WIP2","Western Europe","Belgium","2017 YR","Enterprise LAN Equipment",191.657009000000,167.604937000000
"WIP2","Western Europe","Belgium","2017 YR","Enterprise WAN Equipment",100.168012000000,85.176611000000
"WIP2","Western Europe","Belgium","2018 YR","Enterprise LAN Equipment",203.174818000000,177.971482000000
"WIP2","Western Europe","Belgium","2018 YR","Enterprise WAN Equipment",108.012817000000,91.984096000000
"WIP2","Western Europe","Belgium","2019 YR","Enterprise LAN Equipment",210.482269000000,184.594030000000
"WIP2","Western Europe","Belgium","2019 YR","Enterprise WAN Equipment",111.541388000000,95.087548000000
"WIP2","Western Europe","Belgium","2020 YR","Enterprise LAN Equipment",205.519802000000,180.361493000000
"WIP2","Western Europe","Belgium","2020 YR","Enterprise WAN Equipment",113.271011000000,96.904478000000
"WIP2","Western Europe","Belgium","2021 YR","Enterprise LAN Equipment",201.267044000000,176.849220000000
"WIP2","Western Europe","Belgium","2021 YR","Enterprise WAN Equipment",113.050935000000,96.869343000000
"WIP2","Western Europe","Belgium","2022 YR","Enterprise LAN Equipment",185.656486000000,163.269578000000
"WIP2","Western Europe","Belgium","2022 YR","Enterprise WAN Equipment",112.078794000000,96.011254000000
"WIP2","Western Europe","Denmark","2015 YR","Enterprise LAN Equipment",159.561882000000,139.377223000000
"WIP2","Western Europe","Denmark","2015 YR","Enterprise WAN Equipment",67.576685000000,57.342927000000
"WIP2","Western Europe","Denmark","2016 YR","Enterprise LAN Equipment",167.060488000000,145.856922000000
"WIP2","Western Europe","Denmark","2016 YR","Enterprise WAN Equipment",73.777566000000,62.667146000000
"WIP2","Western Europe","Denmark","2017 YR","Enterprise LAN Equipment",180.613134000000,157.947018000000
"WIP2","Western Europe","Denmark","2017 YR","Enterprise WAN Equipment",80.314603000000,68.294513000000
"WIP2","Western Europe","Denmark","2018 YR","Enterprise LAN Equipment",191.948598000000,168.137847000000
"WIP2","Western Europe","Denmark","2018 YR","Enterprise WAN Equipment",88.173776000000,75.089098000000
"WIP2","Western Europe","Denmark","2019 YR","Enterprise LAN Equipment",201.150343000000,176.409883000000
"WIP2","Western Europe","Denmark","2019 YR","Enterprise WAN Equipment",91.581110000000,78.071677000000
"WIP2","Western Europe","Denmark","2020 YR","Enterprise LAN Equipment",198.433597000000,174.142732000000
"WIP2","Western Europe","Denmark","2020 YR","Enterprise WAN Equipment",93.189768000000,79.724774000000
"WIP2","Western Europe","Denmark","2021 YR","Enterprise LAN Equipment",195.677781000000,171.938049000000
"WIP2","Western Europe","Denmark","2021 YR","Enterprise WAN Equipment",93.504323000000,80.120544000000
"WIP2","Western Europe","Denmark","2022 YR","Enterprise LAN Equipment",180.798854000000,158.997691000000
"WIP2","Western Europe","Denmark","2022 YR","Enterprise WAN Equipment",92.776921000000,79.476484000000
"WIP2","Western Europe","Finland","2015 YR","Enterprise LAN Equipment",116.254330000000,101.548098000000
"WIP2","Western Europe","Finland","2015 YR","Enterprise WAN Equipment",57.518987000000,48.808358000000
"WIP2","Western Europe","Finland","2016 YR","Enterprise LAN Equipment",121.830361000000,106.367470000000
"WIP2","Western Europe","Finland","2016 YR","Enterprise WAN Equipment",62.849770000000,53.385005000000
"WIP2","Western Europe","Finland","2017 YR","Enterprise LAN Equipment",130.077431000000,113.753313000000
"WIP2","Western Europe","Finland","2017 YR","Enterprise WAN Equipment",68.420797000000,58.180765000000
"WIP2","Western Europe","Finland","2018 YR","Enterprise LAN Equipment",139.062478000000,121.812119000000
"WIP2","Western Europe","Finland","2018 YR","Enterprise WAN Equipment",75.182985000000,64.026095000000
"WIP2","Western Europe","Finland","2019 YR","Enterprise LAN Equipment",145.198117000000,127.339494000000
"WIP2","Western Europe","Finland","2019 YR","Enterprise WAN Equipment",78.270581000000,66.724629000000
"WIP2","Western Europe","Finland","2020 YR","Enterprise LAN Equipment",143.184507000000,125.656853000000
"WIP2","Western Europe","Finland","2020 YR","Enterprise WAN Equipment",79.799827000000,68.269546000000
"WIP2","Western Europe","Finland","2021 YR","Enterprise LAN Equipment",141.590073000000,124.412290000000
"WIP2","Western Europe","Finland","2021 YR","Enterprise WAN Equipment",80.099682000000,68.634581000000
"WIP2","Western Europe","Finland","2022 YR","Enterprise LAN Equipment",132.047935000000,116.125276000000
"WIP2","Western Europe","Finland","2022 YR","Enterprise WAN Equipment",79.597899000000,68.186798000000
"WIP2","Western Europe","France","2015 YR","Enterprise LAN Equipment",923.095519000000,806.323464000000
"WIP2","Western Europe","France","2015 YR","Enterprise WAN Equipment",503.388294000000,427.155583000000
"WIP2","Western Europe","France","2016 YR","Enterprise LAN Equipment",957.788408000000,836.224476000000
"WIP2","Western Europe","France","2016 YR","Enterprise WAN Equipment",543.876766000000,461.972476000000
"WIP2","Western Europe","France","2017 YR","Enterprise LAN Equipment",1021.911556000000,893.666363000000
"WIP2","Western Europe","France","2017 YR","Enterprise WAN Equipment",582.613908000000,495.418417000000
"WIP2","Western Europe","France","2018 YR","Enterprise LAN Equipment",1075.867570000000,942.408844000000
"WIP2","Western Europe","France","2018 YR","Enterprise WAN Equipment",633.270713000000,539.295570000000
"WIP2","Western Europe","France","2019 YR","Enterprise LAN Equipment",1124.252671000000,985.975363000000
"WIP2","Western Europe","France","2019 YR","Enterprise WAN Equipment",649.102749000000,553.351454000000
"WIP2","Western Europe","France","2020 YR","Enterprise LAN Equipment",1096.981154000000,962.696327000000
"WIP2","Western Europe","France","2020 YR","Enterprise WAN Equipment",651.473274000000,557.341874000000
"WIP2","Western Europe","France","2021 YR","Enterprise LAN Equipment",1073.062556000000,942.878039000000
"WIP2","Western Europe","France","2021 YR","Enterprise WAN Equipment",646.465846000000,553.933695000000
"WIP2","Western Europe","France","2022 YR","Enterprise LAN Equipment",983.735414000000,865.114220000000
"WIP2","Western Europe","France","2022 YR","Enterprise WAN Equipment",637.037600000000,545.712318000000
"WIP2","Western Europe","Germany","2015 YR","Enterprise LAN Equipment",1346.496235000000,1176.163774000000
"WIP2","Western Europe","Germany","2015 YR","Enterprise WAN Equipment",703.280142000000,596.775973000000
"WIP2","Western Europe","Germany","2016 YR","Enterprise LAN Equipment",1412.224190000000,1232.982592000000
"WIP2","Western Europe","Germany","2016 YR","Enterprise WAN Equipment",768.277257000000,652.579718000000
"WIP2","Western Europe","Germany","2017 YR","Enterprise LAN Equipment",1509.956600000000,1320.464002000000
"WIP2","Western Europe","Germany","2017 YR","Enterprise WAN Equipment",832.732416000000,708.103549000000
"WIP2","Western Europe","Germany","2018 YR","Enterprise LAN Equipment",1597.119744000000,1399.000968000000
"WIP2","Western Europe","Germany","2018 YR","Enterprise WAN Equipment",909.782513000000,774.773992000000
"WIP2","Western Europe","Germany","2019 YR","Enterprise LAN Equipment",1673.166193000000,1467.375339000000
"WIP2","Western Europe","Germany","2019 YR","Enterprise WAN Equipment",936.745686000000,798.563229000000
"WIP2","Western Europe","Germany","2020 YR","Enterprise LAN Equipment",1642.820378000000,1441.717698000000
"WIP2","Western Europe","Germany","2020 YR","Enterprise WAN Equipment",946.539149000000,809.773669000000
"WIP2","Western Europe","Germany","2021 YR","Enterprise LAN Equipment",1609.874595000000,1414.563757000000
"WIP2","Western Europe","Germany","2021 YR","Enterprise WAN Equipment",942.816416000000,807.866006000000
"WIP2","Western Europe","Germany","2022 YR","Enterprise LAN Equipment",1480.851132000000,1302.286522000000
"WIP2","Western Europe","Germany","2022 YR","Enterprise WAN Equipment",930.566986000000,797.161528000000
"WIP2","Western Europe","Greece","2015 YR","Enterprise LAN Equipment",67.580275000000,59.031336000000
"WIP2","Western Europe","Greece","2015 YR","Enterprise WAN Equipment",43.104950000000,36.577171000000
"WIP2","Western Europe","Greece","2016 YR","Enterprise LAN Equipment",70.021094000000,61.133913000000
"WIP2","Western Europe","Greece","2016 YR","Enterprise WAN Equipment",46.295059000000,39.323326000000
"WIP2","Western Europe","Greece","2017 YR","Enterprise LAN Equipment",75.002568000000,65.590091000000
"WIP2","Western Europe","Greece","2017 YR","Enterprise WAN Equipment",50.052174000000,42.561237000000
"WIP2","Western Europe","Greece","2018 YR","Enterprise LAN Equipment",79.312965000000,69.474387000000
"WIP2","Western Europe","Greece","2018 YR","Enterprise WAN Equipment",54.903611000000,46.756109000000
"WIP2","Western Europe","Greece","2019 YR","Enterprise LAN Equipment",82.313012000000,72.188934000000
"WIP2","Western Europe","Greece","2019 YR","Enterprise WAN Equipment",56.970077000000,48.566233000000
"WIP2","Western Europe","Greece","2020 YR","Enterprise LAN Equipment",79.894546000000,70.114409000000
"WIP2","Western Europe","Greece","2020 YR","Enterprise WAN Equipment",57.797331000000,49.446192000000
"WIP2","Western Europe","Greece","2021 YR","Enterprise LAN Equipment",77.336039000000,67.953590000000
"WIP2","Western Europe","Greece","2021 YR","Enterprise WAN Equipment",57.142270000000,48.963188000000
"WIP2","Western Europe","Greece","2022 YR","Enterprise LAN Equipment",71.061110000000,62.492390000000
"WIP2","Western Europe","Greece","2022 YR","Enterprise WAN Equipment",55.939132000000,47.919735000000
"WIP2","Western Europe","Ireland","2015 YR","Enterprise LAN Equipment",72.081873000000,62.963479000000
"WIP2","Western Europe","Ireland","2015 YR","Enterprise WAN Equipment",30.982351000000,26.290409000000
"WIP2","Western Europe","Ireland","2016 YR","Enterprise LAN Equipment",76.466290000000,66.761074000000
"WIP2","Western Europe","Ireland","2016 YR","Enterprise WAN Equipment",33.991000000000,28.872178000000
"WIP2","Western Europe","Ireland","2017 YR","Enterprise LAN Equipment",82.083452000000,71.782357000000
"WIP2","Western Europe","Ireland","2017 YR","Enterprise WAN Equipment",37.170096000000,31.607124000000
"WIP2","Western Europe","Ireland","2018 YR","Enterprise LAN Equipment",87.741390000000,76.857287000000
"WIP2","Western Europe","Ireland","2018 YR","Enterprise WAN Equipment",40.907311000000,34.836810000000
"WIP2","Western Europe","Ireland","2019 YR","Enterprise LAN Equipment",92.015563000000,80.698121000000
"WIP2","Western Europe","Ireland","2019 YR","Enterprise WAN Equipment",41.993941000000,35.799276000000
"WIP2","Western Europe","Ireland","2020 YR","Enterprise LAN Equipment",90.979650000000,79.842552000000
"WIP2","Western Europe","Ireland","2020 YR","Enterprise WAN Equipment",42.223816000000,36.122895000000
"WIP2","Western Europe","Ireland","2021 YR","Enterprise LAN Equipment",89.651283000000,78.774742000000
"WIP2","Western Europe","Ireland","2021 YR","Enterprise WAN Equipment",42.605307000000,36.506979000000
"WIP2","Western Europe","Ireland","2022 YR","Enterprise LAN Equipment",83.392920000000,73.337200000000
"WIP2","Western Europe","Ireland","2022 YR","Enterprise WAN Equipment",42.515198000000,36.420248000000
"WIP2","Western Europe","Italy","2015 YR","Enterprise LAN Equipment",605.107138000000,528.560776000000
"WIP2","Western Europe","Italy","2015 YR","Enterprise WAN Equipment",352.745035000000,299.325615000000
"WIP2","Western Europe","Italy","2016 YR","Enterprise LAN Equipment",620.731303000000,541.947161000000
"WIP2","Western Europe","Italy","2016 YR","Enterprise WAN Equipment",377.011992000000,320.236448000000
"WIP2","Western Europe","Italy","2017 YR","Enterprise LAN Equipment",651.825310000000,570.024236000000
"WIP2","Western Europe","Italy","2017 YR","Enterprise WAN Equipment",401.415729000000,341.338822000000
"WIP2","Western Europe","Italy","2018 YR","Enterprise LAN Equipment",689.972835000000,604.383402000000
"WIP2","Western Europe","Italy","2018 YR","Enterprise WAN Equipment",433.490246000000,369.161821000000
"WIP2","Western Europe","Italy","2019 YR","Enterprise LAN Equipment",715.889911000000,627.839127000000
"WIP2","Western Europe","Italy","2019 YR","Enterprise WAN Equipment",440.879633000000,375.844019000000
"WIP2","Western Europe","Italy","2020 YR","Enterprise LAN Equipment",697.313422000000,611.953148000000
"WIP2","Western Europe","Italy","2020 YR","Enterprise WAN Equipment",442.004574000000,378.139316000000
"WIP2","Western Europe","Italy","2021 YR","Enterprise LAN Equipment",680.381945000000,597.837647000000
"WIP2","Western Europe","Italy","2021 YR","Enterprise WAN Equipment",438.746832000000,375.946626000000
"WIP2","Western Europe","Italy","2022 YR","Enterprise LAN Equipment",624.939479000000,549.582766000000
"WIP2","Western Europe","Italy","2022 YR","Enterprise WAN Equipment",431.306401000000,369.474605000000
"WIP2","Western Europe","Netherlands","2015 YR","Enterprise LAN Equipment",354.119803000000,309.323467000000
"WIP2","Western Europe","Netherlands","2015 YR","Enterprise WAN Equipment",197.529083000000,167.615440000000
"WIP2","Western Europe","Netherlands","2016 YR","Enterprise LAN Equipment",371.450639000000,324.305571000000
"WIP2","Western Europe","Netherlands","2016 YR","Enterprise WAN Equipment",215.173897000000,182.770113000000
"WIP2","Western Europe","Netherlands","2017 YR","Enterprise LAN Equipment",397.827845000000,347.902283000000
"WIP2","Western Europe","Netherlands","2017 YR","Enterprise WAN Equipment",235.279356000000,200.066845000000
"WIP2","Western Europe","Netherlands","2018 YR","Enterprise LAN Equipment",423.650893000000,371.098042000000
"WIP2","Western Europe","Netherlands","2018 YR","Enterprise WAN Equipment",258.611616000000,220.234563000000
"WIP2","Western Europe","Netherlands","2019 YR","Enterprise LAN Equipment",442.232301000000,387.839998000000
"WIP2","Western Europe","Netherlands","2019 YR","Enterprise WAN Equipment",269.769598000000,229.974991000000
"WIP2","Western Europe","Netherlands","2020 YR","Enterprise LAN Equipment",434.466230000000,381.281886000000
"WIP2","Western Europe","Netherlands","2020 YR","Enterprise WAN Equipment",274.201074000000,234.581749000000
"WIP2","Western Europe","Netherlands","2021 YR","Enterprise LAN Equipment",429.281369000000,377.200726000000
"WIP2","Western Europe","Netherlands","2021 YR","Enterprise WAN Equipment",273.471392000000,234.327954000000
"WIP2","Western Europe","Netherlands","2022 YR","Enterprise LAN Equipment",397.504733000000,349.572651000000
"WIP2","Western Europe","Netherlands","2022 YR","Enterprise WAN Equipment",270.541374000000,231.756744000000
"WIP2","Western Europe","Norway","2015 YR","Enterprise LAN Equipment",136.754840000000,119.455283000000
"WIP2","Western Europe","Norway","2015 YR","Enterprise WAN Equipment",57.840268000000,49.080985000000
"WIP2","Western Europe","Norway","2016 YR","Enterprise LAN Equipment",136.214376000000,118.925844000000
"WIP2","Western Europe","Norway","2016 YR","Enterprise WAN Equipment",60.776849000000,51.624252000000
"WIP2","Western Europe","Norway","2017 YR","Enterprise LAN Equipment",148.307313000000,129.695428000000
"WIP2","Western Europe","Norway","2017 YR","Enterprise WAN Equipment",68.145428000000,57.946609000000
"WIP2","Western Europe","Norway","2018 YR","Enterprise LAN Equipment",158.034162000000,138.430413000000
"WIP2","Western Europe","Norway","2018 YR","Enterprise WAN Equipment",75.855391000000,64.598719000000
"WIP2","Western Europe","Norway","2019 YR","Enterprise LAN Equipment",165.879101000000,145.476823000000
"WIP2","Western Europe","Norway","2019 YR","Enterprise WAN Equipment",78.681001000000,67.074506000000
"WIP2","Western Europe","Norway","2020 YR","Enterprise LAN Equipment",164.052810000000,143.970603000000
"WIP2","Western Europe","Norway","2020 YR","Enterprise WAN Equipment",79.422596000000,67.946822000000
"WIP2","Western Europe","Norway","2021 YR","Enterprise LAN Equipment",163.405314000000,143.580895000000
"WIP2","Western Europe","Norway","2021 YR","Enterprise WAN Equipment",79.395346000000,68.031061000000
"WIP2","Western Europe","Norway","2022 YR","Enterprise LAN Equipment",151.776444000000,133.474874000000
"WIP2","Western Europe","Norway","2022 YR","Enterprise WAN Equipment",78.848897000000,67.545172000000
"WIP2","Western Europe","Portugal","2015 YR","Enterprise LAN Equipment",90.913724000000,79.413091000000
"WIP2","Western Europe","Portugal","2015 YR","Enterprise WAN Equipment",45.719238000000,38.795554000000
"WIP2","Western Europe","Portugal","2016 YR","Enterprise LAN Equipment",94.005990000000,82.074609000000
"WIP2","Western Europe","Portugal","2016 YR","Enterprise WAN Equipment",49.499902000000,42.045540000000
"WIP2","Western Europe","Portugal","2017 YR","Enterprise LAN Equipment",100.435647000000,87.831436000000
"WIP2","Western Europe","Portugal","2017 YR","Enterprise WAN Equipment",53.527570000000,45.516496000000
"WIP2","Western Europe","Portugal","2018 YR","Enterprise LAN Equipment",106.962548000000,93.694107000000
"WIP2","Western Europe","Portugal","2018 YR","Enterprise WAN Equipment",58.470450000000,49.793641000000
"WIP2","Western Europe","Portugal","2019 YR","Enterprise LAN Equipment",112.287933000000,98.477094000000
"WIP2","Western Europe","Portugal","2019 YR","Enterprise WAN Equipment",59.783309000000,50.964475000000
"WIP2","Western Europe","Portugal","2020 YR","Enterprise LAN Equipment",109.890144000000,96.438155000000
"WIP2","Western Europe","Portugal","2020 YR","Enterprise WAN Equipment",59.993114000000,51.324706000000
"WIP2","Western Europe","Portugal","2021 YR","Enterprise LAN Equipment",107.792163000000,94.714761000000
"WIP2","Western Europe","Portugal","2021 YR","Enterprise WAN Equipment",59.594063000000,51.064042000000
"WIP2","Western Europe","Portugal","2022 YR","Enterprise LAN Equipment",99.125334000000,87.172562000000
"WIP2","Western Europe","Portugal","2022 YR","Enterprise WAN Equipment",58.714899000000,50.297570000000
"WIP2","Western Europe","Rest of Western Europe","2015 YR","Enterprise LAN Equipment",15.553340000000,13.585835000000
"WIP2","Western Europe","Rest of Western Europe","2015 YR","Enterprise WAN Equipment",12.629329000000,10.716754000000
"WIP2","Western Europe","Rest of Western Europe","2016 YR","Enterprise LAN Equipment",16.323182000000,14.251420000000
"WIP2","Western Europe","Rest of Western Europe","2016 YR","Enterprise WAN Equipment",13.536579000000,11.498059000000
"WIP2","Western Europe","Rest of Western Europe","2017 YR","Enterprise LAN Equipment",17.450631000000,15.260657000000
"WIP2","Western Europe","Rest of Western Europe","2017 YR","Enterprise WAN Equipment",14.684757000000,12.486999000000
"WIP2","Western Europe","Rest of Western Europe","2018 YR","Enterprise LAN Equipment",18.462319000000,16.172113000000
"WIP2","Western Europe","Rest of Western Europe","2018 YR","Enterprise WAN Equipment",16.085752000000,13.698683000000
"WIP2","Western Europe","Rest of Western Europe","2019 YR","Enterprise LAN Equipment",19.043703000000,16.701426000000
"WIP2","Western Europe","Rest of Western Europe","2019 YR","Enterprise WAN Equipment",16.596053000000,14.147914000000
"WIP2","Western Europe","Rest of Western Europe","2020 YR","Enterprise LAN Equipment",18.464360000000,16.204081000000
"WIP2","Western Europe","Rest of Western Europe","2020 YR","Enterprise WAN Equipment",16.755462000000,14.334465000000
"WIP2","Western Europe","Rest of Western Europe","2021 YR","Enterprise LAN Equipment",18.359992000000,16.132548000000
"WIP2","Western Europe","Rest of Western Europe","2021 YR","Enterprise WAN Equipment",16.393170000000,14.046727000000
"WIP2","Western Europe","Rest of Western Europe","2022 YR","Enterprise LAN Equipment",17.053881000000,14.997482000000
"WIP2","Western Europe","Rest of Western Europe","2022 YR","Enterprise WAN Equipment",16.143581000000,13.829248000000
"WIP2","Western Europe","Spain","2015 YR","Enterprise LAN Equipment",422.978273000000,369.471306000000
"WIP2","Western Europe","Spain","2015 YR","Enterprise WAN Equipment",250.474001000000,212.542424000000
"WIP2","Western Europe","Spain","2016 YR","Enterprise LAN Equipment",451.321806000000,394.039370000000
"WIP2","Western Europe","Spain","2016 YR","Enterprise WAN Equipment",277.010804000000,235.294786000000
"WIP2","Western Europe","Spain","2017 YR","Enterprise LAN Equipment",485.633312000000,424.688568000000
"WIP2","Western Europe","Spain","2017 YR","Enterprise WAN Equipment",301.460366000000,256.343035000000
"WIP2","Western Europe","Spain","2018 YR","Enterprise LAN Equipment",517.156211000000,453.004255000000
"WIP2","Western Europe","Spain","2018 YR","Enterprise WAN Equipment",331.122070000000,281.984721000000
"WIP2","Western Europe","Spain","2019 YR","Enterprise LAN Equipment",538.813737000000,472.542413000000
"WIP2","Western Europe","Spain","2019 YR","Enterprise WAN Equipment",338.887947000000,288.897464000000
"WIP2","Western Europe","Spain","2020 YR","Enterprise LAN Equipment",522.891049000000,458.882352000000
"WIP2","Western Europe","Spain","2020 YR","Enterprise WAN Equipment",340.816328000000,291.571763000000
"WIP2","Western Europe","Spain","2021 YR","Enterprise LAN Equipment",510.586242000000,448.641649000000
"WIP2","Western Europe","Spain","2021 YR","Enterprise WAN Equipment",338.443198000000,289.999994000000
"WIP2","Western Europe","Spain","2022 YR","Enterprise LAN Equipment",468.971290000000,412.421598000000
"WIP2","Western Europe","Spain","2022 YR","Enterprise WAN Equipment",333.318958000000,285.534576000000
"WIP2","Western Europe","Sweden","2015 YR","Enterprise LAN Equipment",248.447982000000,217.019185000000
"WIP2","Western Europe","Sweden","2015 YR","Enterprise WAN Equipment",130.672430000000,110.883504000000
"WIP2","Western Europe","Sweden","2016 YR","Enterprise LAN Equipment",261.295899000000,228.131835000000
"WIP2","Western Europe","Sweden","2016 YR","Enterprise WAN Equipment",142.987783000000,121.454757000000
"WIP2","Western Europe","Sweden","2017 YR","Enterprise LAN Equipment",278.572767000000,243.613168000000
"WIP2","Western Europe","Sweden","2017 YR","Enterprise WAN Equipment",154.905194000000,131.721686000000
"WIP2","Western Europe","Sweden","2018 YR","Enterprise LAN Equipment",286.579654000000,251.030153000000
"WIP2","Western Europe","Sweden","2018 YR","Enterprise WAN Equipment",166.263370000000,141.590472000000
"WIP2","Western Europe","Sweden","2019 YR","Enterprise LAN Equipment",300.582771000000,263.612633000000
"WIP2","Western Europe","Sweden","2019 YR","Enterprise WAN Equipment",172.264712000000,146.853374000000
"WIP2","Western Europe","Sweden","2020 YR","Enterprise LAN Equipment",295.786412000000,259.578290000000
"WIP2","Western Europe","Sweden","2020 YR","Enterprise WAN Equipment",173.947297000000,148.813645000000
"WIP2","Western Europe","Sweden","2021 YR","Enterprise LAN Equipment",292.193192000000,256.744159000000
"WIP2","Western Europe","Sweden","2021 YR","Enterprise WAN Equipment",173.582900000000,148.737041000000
"WIP2","Western Europe","Sweden","2022 YR","Enterprise LAN Equipment",271.130816000000,238.437207000000
"WIP2","Western Europe","Sweden","2022 YR","Enterprise WAN Equipment",171.843989000000,147.208550000000
"WIP2","Western Europe","Switzerland","2015 YR","Enterprise LAN Equipment",253.708135000000,221.613926000000
"WIP2","Western Europe","Switzerland","2015 YR","Enterprise WAN Equipment",207.157003000000,175.785316000000
"WIP2","Western Europe","Switzerland","2016 YR","Enterprise LAN Equipment",261.477516000000,228.290400000000
"WIP2","Western Europe","Switzerland","2016 YR","Enterprise WAN Equipment",222.999483000000,189.417217000000
"WIP2","Western Europe","Switzerland","2017 YR","Enterprise LAN Equipment",279.473845000000,244.401165000000
"WIP2","Western Europe","Switzerland","2017 YR","Enterprise WAN Equipment",244.017515000000,207.497229000000
"WIP2","Western Europe","Switzerland","2018 YR","Enterprise LAN Equipment",287.197633000000,251.571473000000
"WIP2","Western Europe","Switzerland","2018 YR","Enterprise WAN Equipment",259.175021000000,220.714361000000
"WIP2","Western Europe","Switzerland","2019 YR","Enterprise LAN Equipment",304.865901000000,267.368960000000
"WIP2","Western Europe","Switzerland","2019 YR","Enterprise WAN Equipment",268.758643000000,229.113165000000
"WIP2","Western Europe","Switzerland","2020 YR","Enterprise LAN Equipment",299.674434000000,262.990368000000
"WIP2","Western Europe","Switzerland","2020 YR","Enterprise WAN Equipment",273.295848000000,233.807320000000
"WIP2","Western Europe","Switzerland","2021 YR","Enterprise LAN Equipment",295.271617000000,259.449108000000
"WIP2","Western Europe","Switzerland","2021 YR","Enterprise WAN Equipment",273.389667000000,234.257926000000
"WIP2","Western Europe","Switzerland","2022 YR","Enterprise LAN Equipment",272.971232000000,240.055701000000
"WIP2","Western Europe","Switzerland","2022 YR","Enterprise WAN Equipment",270.826973000000,232.001400000000
"WIP2","Western Europe","United Kingdom","2015 YR","Enterprise LAN Equipment",1369.627835000000,1196.369215000000
"WIP2","Western Europe","United Kingdom","2015 YR","Enterprise WAN Equipment",690.758254000000,586.150389000000
"WIP2","Western Europe","United Kingdom","2016 YR","Enterprise LAN Equipment",1266.627946000000,1105.865641000000
"WIP2","Western Europe","United Kingdom","2016 YR","Enterprise WAN Equipment",660.781070000000,561.271756000000
"WIP2","Western Europe","United Kingdom","2017 YR","Enterprise LAN Equipment",1261.842997000000,1103.487514000000
"WIP2","Western Europe","United Kingdom","2017 YR","Enterprise WAN Equipment",667.355616000000,567.477464000000
"WIP2","Western Europe","United Kingdom","2018 YR","Enterprise LAN Equipment",1324.992329000000,1160.630290000000
"WIP2","Western Europe","United Kingdom","2018 YR","Enterprise WAN Equipment",720.822916000000,613.855334000000
"WIP2","Western Europe","United Kingdom","2019 YR","Enterprise LAN Equipment",1378.147314000000,1208.642269000000
"WIP2","Western Europe","United Kingdom","2019 YR","Enterprise WAN Equipment",735.743555000000,627.211587000000
"WIP2","Western Europe","United Kingdom","2020 YR","Enterprise LAN Equipment",1368.808422000000,1201.248385000000
"WIP2","Western Europe","United Kingdom","2020 YR","Enterprise WAN Equipment",745.432688000000,637.725089000000
"WIP2","Western Europe","United Kingdom","2021 YR","Enterprise LAN Equipment",1342.818507000000,1179.907055000000
"WIP2","Western Europe","United Kingdom","2021 YR","Enterprise WAN Equipment",742.098174000000,635.877651000000
"WIP2","Western Europe","United Kingdom","2022 YR","Enterprise LAN Equipment",1234.363357000000,1085.520839000000
"WIP2","Western Europe","United Kingdom","2022 YR","Enterprise WAN Equipment",733.572942000000,628.408418000000
